simulation_id,config_hash,geometry,length_m,eps_r,quality_factor,modulation_nu,modulation_delta,modulation_phase_rad,solver,n_cells,dt_s,precision,t_end_s,E_in,E_out,E_loss,dE_stored,E_net_exact,rel_residual_exact,E_net_naive,floquet_mu_fdtd_per_tau,floquet_mu_theory_per_tau,audit_status
EXP0005-00-00,00def6b94e673777,cavity_1d_pec,0.1,1.0,100.0,0.5,0.0,0.7853981633974483,cavitylab.native_fdtd1d_batch,128,1.0901552528878937e-12,float64,1.9949841127848455e-08,0.0,0.0,1.8737775654601943e-13,-1.8737775654598543e-13,3.400306045864649e-26,1.5361750753981217e-13,2.0092793233408507e-17,-0.005000000004391572,-0.005,PASS
EXP0005-00-01,f3812aec7361d937,cavity_1d_pec,0.1,1.0,100.0,0.55,0.0,0.7853981633974483,cavitylab.native_fdtd1d_batch,128,1.0901552528878937e-12,float64,1.9949841127848455e-08,0.0,0.0,1.8737775654601943e-13,-1.8737775654598543e-13,3.400306045864649e-26,1.5361750753981217e-13,2.009279323343375e-17,-0.005000000004391572,-0.005,PASS
EXP0005-00-02,1607df0082ecb1ec,cavity_1d_pec,0.1,1.0,100.0,0.6,0.0,0.7853981633974483,cavitylab.native_fdtd1d_batch,128,1.0901552528878937e-12,float64,1.9949841127848455e-08,0.0,0.0,1.8737775654601943e-13,-1.8737775654598543e-13,3.400306045864649e-26,1.5361750753981217e-13,2.0092793233408507e-17,-0.005000000004391573,-0.005,PASS
EXP0005-00-03,ee30938ee1fef9a2,cavity_1d_pec,0.1,1.0,100.0,0.65,0.0,0.7853981633974483,cavitylab.native_fdtd1d_batch,128,1.0901552528878937e-12,float64,1.9949841127848455e-08,0.0,0.0,1.8737775654601943e-13,-1.8737775654598543e-13,3.400306045864649e-26,1.5361750753981217e-13,2.009279323343375e-17,-0.005000000004391573,-0.005,PASS
EXP0005-00-04,36231f9579858be1,cavity_1d_pec,0.1,1.0,100.0,0.7,0.0,0.7853981633974483,cavitylab.native_fdtd1d_batch,128,1.0901552528878937e-12,float64,1.9949841127848455e-08,0.0,0.0,1.8737775654601943e-13,-1.8737775654598543e-13,3.400306045864649e-26,1.5361750753981217e-13,2.0092793233408507e-17,-0.005000000004391573,-0.005,PASS
EXP0005-00-05,08594b73cbc26698,cavity_1d_pec,0.1,1.0,100.0,0.75,0.0,0.7853981633974483,cavitylab.native_fdtd1d_batch,128,1.0901552528878937e-12,float64,1.9949841127848455e-08,0.0,0.0,1.8737775654601943e-13,-1.8737775654598543e-13,3.400306045864649e-26,1.5361750753981217e-13,2.009279323343375e-17,-0.005000000004391574,-0.005,PASS
EXP0005-00-06,efff5d234ff0db33,cavity_1d_pec,0.1,1.0,100.0,0.8,0.0,0.7853981633974483,cavitylab.native_fdtd1d_batch,128,1.0901552528878937e-12,float64,1.9949841127848455e-08,0.0,0.0,1.8737775654601943e-13,-1.8737775654598543e-13,3.400306045864649e-26,1.5361750753981217e-13,2.0092793233408507e-17,-0.005000000004391574,-0.005,PASS
EXP0005-00-07,9b4657096bc51cb8,cavity_1d_pec,0.1,1.0,100.0,0.8500000000000001,0.0,0.7853981633974483,cavitylab.native_fdtd1d_batch,128,1.0901552528878937e-12,float64,1.9949841127848455e-08,0.0,0.0,1.8737775654601943e-13,-1.8737775654598543e-13,3.400306045864649e-26,1.5361750753981217e-13,2.009279323343375e-17,-0.005000000004391575,-0.005,PASS
EXP0005-00-08,30e8549881d9ce00,cavity_1d_pec,0.1,1.0,100.0,0.9,0.0,0.7853981633974483,cavitylab.native_fdtd1d_batch,128,1.0901552528878937e-12,float64,1.9949841127848455e-08,0.0,0.0,1.8737775654601943e-13,-1.8737775654598543e-13,3.400306045864649e-26,1.5361750753981217e-13,2.0092793233408507e-17,-0.005000000004391572,-0.005,PASS
EXP0005-00-09,74dbda959ac21db5,cavity_1d_pec,0.1,1.0,100.0,0.95,0.0,0.7853981633974483,cavitylab.native_fdtd1d_batch,128,1.0901552528878937e-12,float64,1.9949841127848455e-08,0.0,0.0,1.8737775654601943e-13,-1.8737775654598543e-13,3.400306045864649e-26,1.5361750753981217e-13,2.009279323343375e-17,-0.005000000004391575,-0.005,PASS
EXP0005-00-10,0cbabfa2b3c9ea51,cavity_1d_pec,0.1,1.0,100.0,1.0,0.0,0.7853981633974483,cavitylab.native_fdtd1d_batch,128,1.0901552528878937e-12,float64,1.9949841127848455e-08,0.0,0.0,1.8737775654601943e-13,-1.8737775654598543e-13,3.400306045864649e-26,1.5361750753981217e-13,2.0092793233408507e-17,-0.005000000004391572,-0.005,PASS
EXP0005-00-11,d756c89ea9c5b208,cavity_1d_pec,0.1,1.0,100.0,1.05,0.0,0.7853981633974483,cavitylab.native_fdtd1d_batch,128,1.0901552528878937e-12,float64,1.9949841127848455e-08,0.0,0.0,1.8737775654601943e-13,-1.8737775654598543e-13,3.400306045864649e-26,1.5361750753981217e-13,2.009279323343375e-17,-0.005000000004391572,-0.005,PASS
EXP0005-00-12,ef62393d93958cd7,cavity_1d_pec,0.1,1.0,100.0,1.1,0.0,0.7853981633974483,cavitylab.native_fdtd1d_batch,128,1.0901552528878937e-12,float64,1.9949841127848455e-08,0.0,0.0,1.8737775654601943e-13,-1.8737775654598543e-13,3.400306045864649e-26,1.5361750753981217e-13,2.0092793233408507e-17,-0.005000000004391572,-0.005,PASS
EXP0005-00-13,88e1fc6a2b2c987c,cavity_1d_pec,0.1,1.0,100.0,1.15,0.0,0.7853981633974483,cavitylab.native_fdtd1d_batch,128,1.0901552528878937e-12,float64,1.9949841127848455e-08,0.0,0.0,1.8737775654601943e-13,-1.8737775654598543e-13,3.400306045864649e-26,1.5361750753981217e-13,2.009279323343375e-17,-0.0050000000043915705,-0.005,PASS
EXP0005-00-14,e777b116bd4a91f6,cavity_1d_pec,0.1,1.0,100.0,1.2000000000000002,0.0,0.7853981633974483,cavitylab.native_fdtd1d_batch,128,1.0901552528878937e-12,float64,1.9949841127848455e-08,0.0,0.0,1.8737775654601943e-13,-1.8737775654598543e-13,3.400306045864649e-26,1.5361750753981217e-13,2.0092793233408507e-17,-0.0050000000043915705,-0.005,PASS
EXP0005-00-15,9176250b26640912,cavity_1d_pec,0.1,1.0,100.0,1.25,0.0,0.7853981633974483,cavitylab.native_fdtd1d_batch,128,1.0901552528878937e-12,float64,1.9949841127848455e-08,0.0,0.0,1.8737775654601943e-13,-1.8737775654598543e-13,3.400306045864649e-26,1.5361750753981217e-13,2.009279323343375e-17,-0.005000000004391573,-0.005,PASS
EXP0005-00-16,a7931fec752efb18,cavity_1d_pec,0.1,1.0,100.0,1.3,0.0,0.7853981633974483,cavitylab.native_fdtd1d_batch,128,1.0901552528878937e-12,float64,1.9949841127848455e-08,0.0,0.0,1.8737775654601943e-13,-1.8737775654598543e-13,3.400306045864649e-26,1.5361750753981217e-13,2.0092793233408507e-17,-0.005000000004391573,-0.005,PASS
EXP0005-00-17,196bfc6d738e955f,cavity_1d_pec,0.1,1.0,100.0,1.35,0.0,0.7853981633974483,cavitylab.native_fdtd1d_batch,128,1.0901552528878937e-12,float64,1.9949841127848455e-08,0.0,0.0,1.8737775654601943e-13,-1.8737775654598543e-13,3.400306045864649e-26,1.5361750753981217e-13,2.009279323343375e-17,-0.005000000004391573,-0.005,PASS
EXP0005-00-18,a3f68e21b8651e0f,cavity_1d_pec,0.1,1.0,100.0,1.4,0.0,0.7853981633974483,cavitylab.native_fdtd1d_batch,128,1.0901552528878937e-12,float64,1.9949841127848455e-08,0.0,0.0,1.8737775654601943e-13,-1.8737775654598543e-13,3.400306045864649e-26,1.5361750753981217e-13,2.0092793233408507e-17,-0.005000000004391571,-0.005,PASS
EXP0005-00-19,d109c563cfd10e50,cavity_1d_pec,0.1,1.0,100.0,1.4500000000000002,0.0,0.7853981633974483,cavitylab.native_fdtd1d_batch,128,1.0901552528878937e-12,float64,1.9949841127848455e-08,0.0,0.0,1.8737775654601943e-13,-1.8737775654598543e-13,3.400306045864649e-26,1.5361750753981217e-13,2.009279323343375e-17,-0.005000000004391572,-0.005,PASS
EXP0005-00-20,8768b5f6820c24df,cavity_1d_pec,0.1,1.0,100.0,1.5,0.0,0.7853981633974483,cavitylab.native_fdtd1d_batch,128,1.0901552528878937e-12,float64,1.9949841127848455e-08,0.0,0.0,1.8737775654601943e-13,-1.8737775654598543e-13,3.400306045864649e-26,1.5361750753981217e-13,2.0092793233408507e-17,-0.005000000004391572,-0.005,PASS
EXP0005-00-21,faedc0053e1849bf,cavity_1d_pec,0.1,1.0,100.0,1.55,0.0,0.7853981633974483,cavitylab.native_fdtd1d_batch,128,1.0901552528878937e-12,float64,1.9949841127848455e-08,0.0,0.0,1.8737775654601943e-13,-1.8737775654598543e-13,3.400306045864649e-26,1.5361750753981217e-13,2.009279323343375e-17,-0.005000000004391571,-0.005,PASS
EXP0005-00-22,b2c7db62faf0917c,cavity_1d_pec,0.1,1.0,100.0,1.6,0.0,0.7853981633974483,cavitylab.native_fdtd1d_batch,128,1.0901552528878937e-12,float64,1.9949841127848455e-08,0.0,0.0,1.8737775654601943e-13,-1.8737775654598543e-13,3.400306045864649e-26,1.5361750753981217e-13,2.0092793233408507e-17,-0.0050000000043915705,-0.005,PASS
EXP0005-00-23,fcee7164ceec456e,cavity_1d_pec,0.1,1.0,100.0,1.6500000000000001,0.0,0.7853981633974483,cavitylab.native_fdtd1d_batch,128,1.0901552528878937e-12,float64,1.9949841127848455e-08,0.0,0.0,1.8737775654601943e-13,-1.8737775654598543e-13,3.400306045864649e-26,1.5361750753981217e-13,2.009279323343375e-17,-0.005000000004391572,-0.005,PASS
EXP0005-00-24,6c5de614238e9e50,cavity_1d_pec,0.1,1.0,100.0,1.7000000000000002,0.0,0.7853981633974483,cavitylab.native_fdtd1d_batch,128,1.0901552528878937e-12,float64,1.9949841127848455e-08,0.0,0.0,1.8737775654601943e-13,-1.8737775654598543e-13,3.400306045864649e-26,1.5361750753981217e-13,2.0092793233408507e-17,-0.005000000004391571,-0.005,PASS
EXP0005-00-25,3a7c55fb8d4abb3d,cavity_1d_pec,0.1,1.0,100.0,1.75,0.0,0.7853981633974483,cavitylab.native_fdtd1d_batch,128,1.0901552528878937e-12,float64,1.9949841127848455e-08,0.0,0.0,1.8737775654601943e-13,-1.8737775654598543e-13,3.400306045864649e-26,1.5361750753981217e-13,2.009279323343375e-17,-0.00500000000439157,-0.005,PASS
EXP0005-00-26,7a43365ea1437c76,cavity_1d_pec,0.1,1.0,100.0,1.8,0.0,0.7853981633974483,cavitylab.native_fdtd1d_batch,128,1.0901552528878937e-12,float64,1.9949841127848455e-08,0.0,0.0,1.8737775654601943e-13,-1.8737775654598543e-13,3.400306045864649e-26,1.5361750753981217e-13,2.0092793233408507e-17,-0.00500000000439157,-0.005,PASS
EXP0005-00-27,1ff5b5fa75b16153,cavity_1d_pec,0.1,1.0,100.0,1.85,0.0,0.7853981633974483,cavitylab.native_fdtd1d_batch,128,1.0901552528878937e-12,float64,1.9949841127848455e-08,0.0,0.0,1.8737775654601943e-13,-1.8737775654598543e-13,3.400306045864649e-26,1.5361750753981217e-13,2.009279323343375e-17,-0.005000000004391574,-0.005,PASS
EXP0005-00-28,dde6eb33897474e6,cavity_1d_pec,0.1,1.0,100.0,1.9000000000000001,0.0,0.7853981633974483,cavitylab.native_fdtd1d_batch,128,1.0901552528878937e-12,float64,1.9949841127848455e-08,0.0,0.0,1.8737775654601943e-13,-1.8737775654598543e-13,3.400306045864649e-26,1.5361750753981217e-13,2.0092793233408507e-17,-0.005000000004391575,-0.005,PASS
EXP0005-00-29,315f53e83ef9bb52,cavity_1d_pec,0.1,1.0,100.0,1.9500000000000002,0.0,0.7853981633974483,cavitylab.native_fdtd1d_batch,128,1.0901552528878937e-12,float64,1.9949841127848455e-08,0.0,0.0,1.8737775654601943e-13,-1.8737775654598543e-13,3.400306045864649e-26,1.5361750753981217e-13,2.009279323343375e-17,-0.005000000004391573,-0.005,PASS
EXP0005-00-30,842b0f7a7a5d1e0f,cavity_1d_pec,0.1,1.0,100.0,2.0,0.0,0.7853981633974483,cavitylab.native_fdtd1d_batch,128,1.0901552528878937e-12,float64,1.9949841127848455e-08,0.0,0.0,1.8737775654601943e-13,-1.8737775654598543e-13,3.400306045864649e-26,1.5361750753981217e-13,2.0092793233408507e-17,-0.005000000004391571,-0.005,PASS
EXP0005-00-31,e37ececd441315e3,cavity_1d_pec,0.1,1.0,100.0,2.05,0.0,0.7853981633974483,cavitylab.native_fdtd1d_batch,128,1.0901552528878937e-12,float64,1.9949841127848455e-08,0.0,0.0,1.8737775654601943e-13,-1.8737775654598543e-13,3.400306045864649e-26,1.5361750753981217e-13,2.009279323343375e-17,-0.005000000004391577,-0.005,PASS
EXP0005-00-32,5c203cf8ecd8ea2f,cavity_1d_pec,0.1,1.0,100.0,2.1,0.0,0.7853981633974483,cavitylab.native_fdtd1d_batch,128,1.0901552528878937e-12,float64,1.9949841127848455e-08,0.0,0.0,1.8737775654601943e-13,-1.8737775654598543e-13,3.400306045864649e-26,1.5361750753981217e-13,2.0092793233408507e-17,-0.005000000004391572,-0.005,PASS
EXP0005-00-33,6ac98a990458d297,cavity_1d_pec,0.1,1.0,100.0,2.1500000000000004,0.0,0.7853981633974483,cavitylab.native_fdtd1d_batch,128,1.0901552528878937e-12,float64,1.9949841127848455e-08,0.0,0.0,1.8737775654601943e-13,-1.8737775654598543e-13,3.400306045864649e-26,1.5361750753981217e-13,2.009279323343375e-17,-0.005000000004391578,-0.005,PASS
EXP0005-00-34,6896bb05ac02ed09,cavity_1d_pec,0.1,1.0,100.0,2.2,0.0,0.7853981633974483,cavitylab.native_fdtd1d_batch,128,1.0901552528878937e-12,float64,1.9949841127848455e-08,0.0,0.0,1.8737775654601943e-13,-1.8737775654598543e-13,3.400306045864649e-26,1.5361750753981217e-13,2.0092793233408507e-17,-0.005000000004391574,-0.005,PASS
EXP0005-00-35,266c586d9f567232,cavity_1d_pec,0.1,1.0,100.0,2.25,0.0,0.7853981633974483,cavitylab.native_fdtd1d_batch,128,1.0901552528878937e-12,float64,1.9949841127848455e-08,0.0,0.0,1.8737775654601943e-13,-1.8737775654598543e-13,3.400306045864649e-26,1.5361750753981217e-13,2.009279323343375e-17,-0.00500000000439158,-0.005,PASS
EXP0005-00-36,fb94541686b726b0,cavity_1d_pec,0.1,1.0,100.0,2.3,0.0,0.7853981633974483,cavitylab.native_fdtd1d_batch,128,1.0901552528878937e-12,float64,1.9949841127848455e-08,0.0,0.0,1.8737775654601943e-13,-1.8737775654598543e-13,3.400306045864649e-26,1.5361750753981217e-13,2.0092793233408507e-17,-0.005000000004391575,-0.005,PASS
EXP0005-00-37,ce66516c35ce60fe,cavity_1d_pec,0.1,1.0,100.0,2.35,0.0,0.7853981633974483,cavitylab.native_fdtd1d_batch,128,1.0901552528878937e-12,float64,1.9949841127848455e-08,0.0,0.0,1.8737775654601943e-13,-1.8737775654598543e-13,3.400306045864649e-26,1.5361750753981217e-13,2.009279323343375e-17,-0.005000000004391575,-0.005,PASS
EXP0005-00-38,5a23c39346117b99,cavity_1d_pec,0.1,1.0,100.0,2.4000000000000004,0.0,0.7853981633974483,cavitylab.native_fdtd1d_batch,128,1.0901552528878937e-12,float64,1.9949841127848455e-08,0.0,0.0,1.8737775654601943e-13,-1.8737775654598543e-13,3.400306045864649e-26,1.5361750753981217e-13,2.0092793233408507e-17,-0.005000000004391573,-0.005,PASS
EXP0005-00-39,208efa9d1bfbe2b7,cavity_1d_pec,0.1,1.0,100.0,2.45,0.0,0.7853981633974483,cavitylab.native_fdtd1d_batch,128,1.0901552528878937e-12,float64,1.9949841127848455e-08,0.0,0.0,1.8737775654601943e-13,-1.8737775654598543e-13,3.400306045864649e-26,1.5361750753981217e-13,2.009279323343375e-17,-0.005000000004391573,-0.005,PASS
EXP0005-00-40,6a621895452e0d99,cavity_1d_pec,0.1,1.0,100.0,2.5,0.0,0.7853981633974483,cavitylab.native_fdtd1d_batch,128,1.0901552528878937e-12,float64,1.9949841127848455e-08,0.0,0.0,1.8737775654601943e-13,-1.8737775654598543e-13,3.400306045864649e-26,1.5361750753981217e-13,2.0092793233408507e-17,-0.005000000004391573,-0.005,PASS
EXP0005-00-41,8576c2ad7878265a,cavity_1d_pec,0.1,1.0,100.0,2.5500000000000003,0.0,0.7853981633974483,cavitylab.native_fdtd1d_batch,128,1.0901552528878937e-12,float64,1.9949841127848455e-08,0.0,0.0,1.8737775654601943e-13,-1.8737775654598543e-13,3.400306045864649e-26,1.5361750753981217e-13,2.009279323343375e-17,-0.0050000000043915775,-0.005,PASS
EXP0005-00-42,32248366cd88d26a,cavity_1d_pec,0.1,1.0,100.0,2.6,0.0,0.7853981633974483,cavitylab.native_fdtd1d_batch,128,1.0901552528878937e-12,float64,1.9949841127848455e-08,0.0,0.0,1.8737775654601943e-13,-1.8737775654598543e-13,3.400306045864649e-26,1.5361750753981217e-13,2.0092793233408507e-17,-0.005000000004391572,-0.005,PASS
EXP0005-01-00,93c1b2f5cc64b17c,cavity_1d_pec,0.1,1.0,100.0,0.5,0.02,0.7853981633974483,cavitylab.native_fdtd1d_batch,128,1.0901552528878937e-12,float64,1.9949841127848455e-08,1.402467557181674e-15,0.0,1.9130333991734319e-13,-1.8990087236016132e-13,1.8952383247934809e-28,5.774678289907871e-15,2.7630489070528314e-17,-0.005001000294588785,-0.005001000300101504,PASS
EXP0005-01-01,e3e62b87f1ed078f,cavity_1d_pec,0.1,1.0,100.0,0.55,0.02,0.7853981633974483,cavitylab.native_fdtd1d_batch,128,1.0901552528878937e-12,float64,1.9949841127848455e-08,1.5104050535272128e-15,0.0,1.9124537382011167e-13,-1.8973496876658578e-13,-1.314439483324511e-27,6.2455785733995214e-15,2.926453407033687e-17,-0.005001000303752044,-0.005001000300101547,PASS
EXP0005-01-02,a37bc93115a34c5e,cavity_1d_pec,0.1,1.0,100.0,0.6,0.02,0.7853981633974483,cavitylab.native_fdtd1d_batch,128,1.0901552528878937e-12,float64,1.9949841127848455e-08,1.3955283617038417e-15,0.0,1.9126361517256285e-13,-1.8986808681086175e-13,-2.7393194933799635e-27,1.3611302410701757e-14,3.010360162397507e-17,-0.005001000307704535,-0.0050010003001015515,PASS
EXP0005-01-03,dbaa58140c13e85d,cavity_1d_pec,0.1,1.0,100.0,0.65,0.02,0.7853981633974483,cavitylab.native_fdtd1d_batch,128,1.0901552528878937e-12,float64,1.9949841127848455e-08,1.4151022525474696e-15,0.0,1.9120495347850742e-13,-1.8978985122596048e-13,-5.358337698713723e-28,6.842110835509281e-15,3.2012674014164484e-17,-0.005001000301618558,-0.00500100030010155,PASS
EXP0005-01-04,9a7c022e7e9f3238,cavity_1d_pec,0.1,1.0,100.0,0.7,0.02,0.7853981633974483,cavitylab.native_fdtd1d_batch,128,1.0901552528878937e-12,float64,1.9949841127848455e-08,1.376513485258711e-15,0.0,1.9121086904901779e-13,-1.8983435556375897e-13,1.064962222048366e-28,5.761500110332545e-15,3.28894009554022e-17,-0.0050010003037520515,-0.005001000300101575,PASS
EXP0005-01-05,6cfc61d5b61a37d4,cavity_1d_pec,0.1,1.0,100.0,0.75,0.02,0.7853981633974483,cavitylab.native_fdtd1d_batch,128,1.0901552528878937e-12,float64,1.9949841127848455e-08,1.3003563042545416e-15,0.0,1.9114952489073522e-13,-1.8984916858647978e-13,8.963432035573747e-28,6.488935622890543e-15,3.5102268908750077e-17,-0.005001000294588953,-0.005001000300101604,PASS
EXP0005-01-06,03e8f2eb4fb46524,cavity_1d_pec,0.1,1.0,100.0,0.8,0.02,0.7853981633974483,cavitylab.native_fdtd1d_batch,128,1.0901552528878937e-12,float64,1.9949841127848455e-08,1.3435778023364147e-15,0.0,1.911433656969972e-13,-1.897997878946614e-13,-6.007175793258005e-28,4.909311164461461e-15,3.598007800079201e-17,-0.0050010002993802136,-0.005001000300101596,PASS
EXP0005-01-07,3418a0ed6367f483,cavity_1d_pec,0.1,1.0,100.0,0.8500000000000001,0.02,0.7853981633974483,cavitylab.native_fdtd1d_batch,128,1.0901552528878937e-12,float64,1.9949841127848455e-08,1.163232956361306e-15,0.0,1.9107723882452225e-13,-1.8991400586816187e-13,-9.302642224818782e-28,6.13839604618687e-15,3.85348683003812e-17,-0.00500100030375206,-0.005001000300101939,PASS
EXP0005-01-08,0ade914256613c4f,cavity_1d_pec,0.1,1.0,100.0,0.9,0.02,0.7853981633974483,cavitylab.native_fdtd1d_batch,128,1.0901552528878937e-12,float64,1.9949841127848455e-08,1.2935579381736103e-15,0.0,1.9105805304762628e-13,-1.8976449510945479e-13,-2.1141472259923116e-27,1.3840163462659919e-14,3.936255640267579e-17,-0.005001000307704466,-0.0050010003001020814,PASS
EXP0005-01-09,64e5ed56c2b5b16d,cavity_1d_pec,0.1,1.0,100.0,0.95,0.02,0.7853981633974483,cavitylab.native_fdtd1d_batch,128,1.0901552528878937e-12,float64,1.9949841127848455e-08,9.988346804384077e-16,0.0,1.9098461824574673e-13,-1.89985783565308e-13,3.3506866949262476e-28,7.313999482469081e-15,4.230955517435953e-17,-0.005001000286616091,-0.005001000300102038,PASS
EXP0005-01-10,0ab991c6caacf791,cavity_1d_pec,0.1,1.0,100.0,1.0,0.02,0.7853981633974483,cavitylab.native_fdtd1d_batch,128,1.0901552528878937e-12,float64,1.9949841127848455e-08,1.221879938322831e-15,0.0,1.909504531257821e-13,-1.8972857318745661e-13,2.6436701086219158e-27,1.1980283051928905e-14,4.301716271788296e-17,-0.005001000314350803,-0.005001000300102449,PASS
EXP0005-01-11,e3ca258aa3889a1f,cavity_1d_pec,0.1,1.0,100.0,1.05,0.02,0.7853981633974483,cavitylab.native_fdtd1d_batch,128,1.0901552528878937e-12,float64,1.9949841127848455e-08,7.999258074335176e-16,0.0,1.9086634782538106e-13,-1.9006642201794722e-13,3.1741790673830463e-28,4.666832660275462e-15,4.642349189131851e-17,-0.0050010002866162,-0.005001000300102496,PASS
EXP0005-01-12,0d5bf556e11bf1f9,cavity_1d_pec,0.1,1.0,100.0,1.1,0.02,0.7853981633974483,cavitylab.native_fdtd1d_batch,128,1.0901552528878937e-12,float64,1.9949841127848455e-08,1.1217718664837668e-15,0.0,1.9081395331795703e-13,-1.896921814514737e-13,-4.4827020939184e-28,6.2511792997190354e-15,4.691395651512933e-17,-0.005001000303752069,-0.005001000300103319,PASS
EXP0005-01-13,b3aceaf587cf1a26,cavity_1d_pec,0.1,1.0,100.0,1.15,0.02,0.7853981633974483,cavitylab.native_fdtd1d_batch,128,1.0901552528878937e-12,float64,1.9949841127848455e-08,5.555743977898728e-16,0.0,1.9071430514372443e-13,-1.901587307459368e-13,-2.2540714290558886e-27,1.2401545525686826e-14,5.087038086671744e-17,-0.005001000320298957,-0.005001000300103603,PASS
EXP0005-01-14,b000c35237b1256c,cavity_1d_pec,0.1,1.0,100.0,1.2000000000000002,0.02,0.7853981633974483,cavitylab.native_fdtd1d_batch,128,1.0901552528878937e-12,float64,1.9949841127848455e-08,9.829999312998229e-16,0.0,1.9063837246482517e-13,-1.8965537253352617e-13,-8.21006987108768e-28,4.947967157882418e-15,5.1006672796910503e-17,-0.005001000277700132,-0.005001000300104313,PASS
EXP0005-01-15,9078c5813e646845,cavity_1d_pec,0.1,1.0,100.0,1.25,0.02,0.7853981633974483,cavitylab.native_fdtd1d_batch,128,1.0901552528878937e-12,float64,1.9949841127848455e-08,2.4878561842539123e-16,0.0,1.905158145593408e-13,-1.9026702894091723e-13,-1.8257692613274555e-27,9.253278425141436e-15,5.56382520045758e-17,-0.005001000280777188,-0.0050010003001049914,PASS
EXP0005-01-16,cbd0158817ea4e97,cavity_1d_pec,0.1,1.0,100.0,1.3,0.02,0.7853981633974483,cavitylab.native_fdtd1d_batch,128,1.0901552528878937e-12,float64,1.9949841127848455e-08,7.894698769460805e-16,0.0,1.904077121276695e-13,-1.8961824225072471e-13,-1.2916611246862542e-27,8.490261827730058e-15,5.522146024053421e-17,-0.005001000321173622,-0.005001000300105154,PASS
EXP0005-01-17,18e6468ed0757de8,cavity_1d_pec,0.1,1.0,100.0,1.35,0.02,0.7853981633974483,cavitylab.native_fdtd1d_batch,128,1.0901552528878937e-12,float64,1.9949841127848455e-08,-1.4808112340261e-16,0.0,1.902502302297596e-13,-1.9039831135316312e-13,-8.984632672401561e-28,4.6940675647311355e-15,6.070506005850726e-17,-0.005001000307704316,-0.005001000300104922,PASS
EXP0005-01-18,cd150c761169a4d7,cavity_1d_pec,0.1,1.0,100.0,1.4,0.02,0.7853981633974483,cavitylab.native_fdtd1d_batch,128,1.0901552528878937e-12,float64,1.9949841127848455e-08,5.144323553718525e-16,0.0,1.9009524547490094e-13,-1.8958081311952713e-13,1.957459728692788e-27,9.356836952970873e-15,5.943430169086544e-17,-0.005001000322608634,-0.005001000300105869,PASS
EXP0005-01-19,a4eead123cd49d3c,cavity_1d_pec,0.1,1.0,100.0,1.4500000000000002,0.02,0.7853981633974483,cavitylab.native_fdtd1d_batch,128,1.0901552528878937e-12,float64,1.9949841127848455e-08,-6.828896896575736e-16,0.0,1.898817629942936e-13,-1.9056465268395232e-13,-1.1387207166865305e-27,5.749200476062241e-15,6.602910823154826e-17,-0.005001000271232568,-0.005001000300105139,PASS
EXP0005-01-20,4078048267bba7eb,cavity_1d_pec,0.1,1.0,100.0,1.5,0.02,0.7853981633974483,cavitylab.native_fdtd1d_batch,128,1.0901552528878937e-12,float64,1.9949841127848455e-08,1.0998816903752191e-16,0.0,1.896529437083462e-13,-1.8954295553931196e-13,-3.2963415741275064e-27,1.7087266910020256e-14,6.34215349139644e-17,-0.005001000294589638,-0.005001000300105956,PASS
EXP0005-01-21,dd2461ea25d26566,cavity_1d_pec,0.1,1.0,100.0,1.55,0.02,0.7853981633974483,cavitylab.native_fdtd1d_batch,128,1.0901552528878937e-12,float64,1.9949841127848455e-08,-1.4459996741715054e-15,0.0,1.893427429168803e-13,-1.9078874259104975e-13,2.061293545342504e-27,9.182555528087185e-15,7.152560724387679e-17,-0.005001000322608166,-0.005001000300105651,PASS
EXP0005-01-22,334bd0fc50cebcd1,cavity_1d_pec,0.1,1.0,100.0,1.6,0.02,0.7853981633974483,cavitylab.native_fdtd1d_batch,128,1.0901552528878937e-12,float64,1.9949841127848455e-08,-5.189218480460052e-16,0.0,1.889851611855018e-13,-1.8950408303354704e-13,7.734781175692021e-28,4.4375323356647886e-15,6.673685825855312e-17,-0.005001000299380662,-0.005001000300107664,PASS
EXP0005-01-23,f63dd95bfb7c61c3,cavity_1d_pec,0.1,1.0,100.0,1.6500000000000001,0.02,0.7853981633974483,cavitylab.native_fdtd1d_batch,128,1.0901552528878937e-12,float64,1.9949841127848455e-08,-2.630375598932545e-15,0.0,1.8848827303014722e-13,-1.9111864862908049e-13,-7.1865228465634175e-28,7.360452565472104e-15,7.699899737839911e-17,-0.005001000320297682,-0.0050010003001092086,PASS
EXP0005-01-24,1920c1b70350e3aa,cavity_1d_pec,0.1,1.0,100.0,1.7000000000000002,0.02,0.7853981633974483,cavitylab.native_fdtd1d_batch,128,1.0901552528878937e-12,float64,1.9949841127848455e-08,-1.591508155485088e-15,0.0,1.8787043404030236e-13,-1.8946194219578753e-13,-8.04638123325432e-29,5.938966261946936e-15,6.834571552478242e-17,-0.005001000303752134,-0.005001000300109798,PASS
EXP0005-01-25,13c4f83aaee16e4d,cavity_1d_pec,0.1,1.0,100.0,1.75,0.02,0.7853981633974483,cavitylab.native_fdtd1d_batch,128,1.0901552528878937e-12,float64,1.9949841127848455e-08,-4.734039105187072e-15,0.0,1.8694264270905567e-13,-1.916766818142419e-13,8.567029430700188e-28,8.114244437180754e-15,8.189209203061539e-17,-0.005001000264346351,-0.005001000300107786,PASS
EXP0005-01-26,77b5cb46a19acac2,cavity_1d_pec,0.1,1.0,100.0,1.8,0.02,0.7853981633974483,cavitylab.native_fdtd1d_batch,128,1.0901552528878937e-12,float64,1.9949841127848455e-08,-3.752136269657665e-15,0.0,1.8565366046057652e-13,-1.8940579673023733e-13,-3.14203298549529e-27,1.4450313176997515e-14,6.518597891550924e-17,-0.005001000307704069,-0.005001000300111295,PASS
EXP0005-01-27,be90c9e82d6501da,cavity_1d_pec,0.1,1.0,100.0,1.85,0.02,0.7853981633974483,cavitylab.native_fdtd1d_batch,128,1.0901552528878937e-12,float64,1.9949841127848455e-08,-9.553636646483955e-15,0.0,1.8333810038096867e-13,-1.9289173702745095e-13,1.667651953637219e-27,8.483233465289884e-15,8.384683962105937e-17,-0.0050010002493147895,-0.005001000300113637,PASS
EXP0005-01-28,252ebe1d332e3ee1,cavity_1d_pec,0.1,1.0,100.0,1.9000000000000001,0.02,0.7853981633974483,cavitylab.native_fdtd1d_batch,128,1.0901552528878937e-12,float64,1.9949841127848455e-08,-1.006951155481583e-14,0.0,1.7916817868041267e-13,-1.8923769023522616e-13,2.336606001264637e-27,1.0556600385141181e-14,4.246630561397434e-17,-0.005001000321171785,-0.005001000300116053,PASS
EXP0005-01-29,e12ae443a9c41e07,cavity_1d_pec,0.1,1.0,100.0,1.9500000000000002,0.02,0.7853981633974483,cavitylab.native_fdtd1d_batch,128,1.0901552528878937e-12,float64,1.9949841127848455e-08,-3.2197952363611614e-14,0.0,1.6584696619072322e-13,-1.98044918554335e-13,-1.7039395552773855e-28,5.847597550224676e-15,5.3113890783562796e-17,-0.005001000301618997,-0.005001000300120006,PASS
EXP0005-01-30,b4b458a07dfa998f,cavity_1d_pec,0.1,1.0,100.0,2.0,0.02,0.7853981633974483,cavitylab.native_fdtd1d_batch,128,1.0901552528878937e-12,float64,1.9949841127848455e-08,-3.107397229532778e-14,0.0,1.5552943415026026e-13,-1.8660340644559058e-13,-2.536976671190774e-27,1.1301606803799612e-14,-1.3094396403245211e-15,-1.401677528364449e-07,-5.275064243549046e-07,PASS
EXP0005-01-31,8bf84200a91f1c6c,cavity_1d_pec,0.1,1.0,100.0,2.05,0.02,0.7853981633974483,cavitylab.native_fdtd1d_batch,128,1.0901552528878937e-12,float64,1.9949841127848455e-08,4.1659261663390675e-14,0.0,2.1949447434451466e-13,-1.778352126811241e-13,-1.072850831100576e-28,6.8596817416097156e-15,9.898742387466717e-17,-0.005001000260747203,-0.005001000300127898,PASS
EXP0005-01-32,6f9bdecc9d118c67,cavity_1d_pec,0.1,1.0,100.0,2.1,0.02,0.7853981633974483,cavitylab.native_fdtd1d_batch,128,1.0901552528878937e-12,float64,1.9949841127848455e-08,1.79455333085912e-14,0.0,2.0693317166325903e-13,-1.889876383546692e-13,-1.3820843059472127e-27,8.237240779883797e-15,1.880074680288868e-16,-0.005001000322605926,-0.005001000300131149,PASS
EXP0005-01-33,168089d65bbbf511,cavity_1d_pec,0.1,1.0,100.0,2.1500000000000004,0.02,0.7853981633974483,cavitylab.native_fdtd1d_batch,128,1.0901552528878937e-12,float64,1.9949841127848455e-08,1.517591752661899e-14,0.0,2.016075726051761e-13,-1.8643165507855687e-13,2.3034738432453545e-28,5.847597550224676e-15,1.2427916472691753e-16,-0.005001000320296021,-0.0050010003001341044,PASS
EXP0005-01-34,edcb25b5de30ddc5,cavity_1d_pec,0.1,1.0,100.0,2.2,0.02,0.7853981633974483,cavitylab.native_fdtd1d_batch,128,1.0901552528878937e-12,float64,1.9949841127848455e-08,1.0359961004600792e-14,0.0,1.9954419815061684e-13,-1.8918423714601878e-13,-2.735769619306469e-27,1.3557711147095431e-14,1.6254968305433168e-16,-0.005001000324149387,-0.005001000300118385,PASS
EXP0005-01-35,1533c36e24a3dc04,cavity_1d_pec,0.1,1.0,100.0,2.25,0.02,0.7853981633974483,cavitylab.native_fdtd1d_batch,128,1.0901552528878937e-12,float64,1.9949841127848455e-08,1.0043030183454548e-14,0.0,1.9795316088959427e-13,-1.8791013070614024e-13,-5.159150320145417e-28,5.931937899506762e-15,1.3207391062334594e-16,-0.005001000320295635,-0.0050010003001479675,PASS
EXP0005-01-36,64d23aaeacc461b3,cavity_1d_pec,0.1,1.0,100.0,2.3,0.02,0.7853981633974483,cavitylab.native_fdtd1d_batch,128,1.0901552528878937e-12,float64,1.9949841127848455e-08,7.959912561968134e-15,0.0,1.9715797183141182e-13,-1.891980592694445e-13,-8.267262286716204e-28,6.926451184791367e-15,1.6057608433523545e-16,-0.005001000271236138,-0.005001000300129253,PASS
EXP0005-01-37,0fa427693053735b,cavity_1d_pec,0.1,1.0,100.0,2.35,0.02,0.7853981633974483,cavitylab.native_fdtd1d_batch,128,1.0901552528878937e-12,float64,1.9949841127848455e-08,7.853694175847984e-15,0.0,1.9639081267015018e-13,-1.8853711849430042e-13,1.7749370367472766e-27,1.1002901400092223e-14,1.4047587078786952e-16,-0.00500100032260472,-0.0050010003001250795,PASS
EXP0005-01-38,4e4618b131e9873b,cavity_1d_pec,0.1,1.0,100.0,2.4000000000000004,0.02,0.7853981633974483,cavitylab.native_fdtd1d_batch,128,1.0901552528878937e-12,float64,1.9949841127848455e-08,6.797294654189675e-15,0.0,1.9598140673744126e-13,-1.8918411208325194e-13,-3.5104310282335025e-28,8.72922615069597e-15,1.6459939033928795e-16,-0.0050010003226045145,-0.005001000300119216,PASS
EXP0005-01-39,45bb075dbc1600a3,cavity_1d_pec,0.1,1.0,100.0,2.45,0.02,0.7853981633974483,cavitylab.native_fdtd1d_batch,128,1.0901552528878937e-12,float64,1.9949841127848455e-08,6.634882076383452e-15,0.0,1.9552646156967036e-13,-1.8889157949329021e-13,-3.3037494710655974e-27,1.5659191516707424e-14,1.4954113063980037e-16,-0.005001000315747479,-0.005001000300115238,PASS
EXP0005-01-40,68c28c33d5d966a2,cavity_1d_pec,0.1,1.0,100.0,2.5,0.02,0.7853981633974483,cavitylab.native_fdtd1d_batch,128,1.0901552528878937e-12,float64,1.9949841127848455e-08,6.119797141134876e-15,0.0,1.9528218250278036e-13,-1.891623853616458e-13,-3.060780312257526e-28,6.5434054318018904e-15,1.7122509434405143e-16,-0.0050010003236191465,-0.005001000300111821,PASS
EXP0005-01-41,f04ef20f73a882c0,cavity_1d_pec,0.1,1.0,100.0,2.5500000000000003,0.02,0.7853981633974483,cavitylab.native_fdtd1d_batch,128,1.0901552528878937e-12,float64,1.9949841127848455e-08,5.855125526555413e-15,0.0,1.9497918189214813e-13,-1.8912405636558877e-13,3.940360221578954e-27,1.9110117474832804e-14,1.591657155806432e-16,-0.005001000323969082,-0.0050010003001080775,PASS
EXP0005-01-42,72684768e0e4a6da,cavity_1d_pec,0.1,1.0,100.0,2.6,0.02,0.7853981633974483,cavitylab.native_fdtd1d_batch,128,1.0901552528878937e-12,float64,1.9949841127848455e-08,5.681577809384321e-15,0.0,1.9481974523751003e-13,-1.8913816742812574e-13,-3.7076462545387555e-29,4.737116284677201e-15,1.7933613481837678e-16,-0.005001000264351218,-0.005001000300106132,PASS
EXP0005-02-00,df060fe1b1cb28f4,cavity_1d_pec,0.1,1.0,100.0,0.5,0.04,0.7853981633974483,cavitylab.native_fdtd1d_batch,128,1.0901552528878937e-12,float64,1.9949841127848455e-08,2.8938783611271973e-15,0.0,1.9535179764113734e-13,-1.924579192800122e-13,-2.0514327840272412e-27,1.0491124806932614e-14,4.240482786026171e-17,-0.00500400477314926,-0.005004004806410458,PASS
EXP0005-02-01,9d090da3fcd8c1a0,cavity_1d_pec,0.1,1.0,100.0,0.55,0.04,0.7853981633974483,cavitylab.native_fdtd1d_batch,128,1.0901552528878937e-12,float64,1.9949841127848455e-08,3.1185832670850257e-15,0.0,1.952318561298914e-13,-1.9211327286280637e-13,1.9721522630525295e-30,8.196732794316365e-15,4.7396677535806937e-17,-0.005004004807850751,-0.005004004806410445,PASS
EXP0005-02-02,32b1c627dbd21516,cavity_1d_pec,0.1,1.0,100.0,0.6,0.04,0.7853981633974483,cavitylab.native_fdtd1d_batch,128,1.0901552528878937e-12,float64,1.9949841127848455e-08,2.8768387118337595e-15,0.0,1.9526947587557425e-13,-1.9239263716374029e-13,2.0234282218918953e-28,4.13475781125557e-15,5.0482902598938e-17,-0.005004004823943381,-0.0050040048064105514,PASS
EXP0005-02-03,419b5fe2b1181675,cavity_1d_pec,0.1,1.0,100.0,0.65,0.04,0.7853981633974483,cavitylab.native_fdtd1d_batch,128,1.0901552528878937e-12,float64,1.9949841127848455e-08,2.923357420662676e-15,0.0,1.951482674764032e-13,-1.9222491005574018e-13,3.396046196976456e-28,5.521097395917957e-15,5.634175268076365e-17,-0.005004004799489953,-0.005004004806410552,PASS
EXP0005-02-04,041017d56718b108,cavity_1d_pec,0.1,1.0,100.0,0.7,0.04,0.7853981633974483,cavitylab.native_fdtd1d_batch,128,1.0901552528878937e-12,float64,1.9949841127848455e-08,2.834711859810139e-15,0.0,1.9516017057900846e-13,-1.9232545871919875e-13,-4.315069151558935e-28,4.15208705606385e-15,5.965000872987368e-17,-0.005004004807850807,-0.005004004806410726,PASS
EXP0005-02-05,3c33fbdd2c374dbb,cavity_1d_pec,0.1,1.0,100.0,0.75,0.04,0.7853981633974483,cavitylab.native_fdtd1d_batch,128,1.0901552528878937e-12,float64,1.9949841127848455e-08,2.688197138541453e-15,0.0,1.9503349346195298e-13,-1.9234529632341255e-13,-1.0172361372824947e-27,5.099996747076757e-15,6.640518296585501e-17,-0.005004004773149785,-0.0050040048064111725,PASS
EXP0005-02-06,0a95a85a95dc66bc,cavity_1d_pec,0.1,1.0,100.0,0.8,0.04,0.7853981633974483,cavitylab.native_fdtd1d_batch,128,1.0901552528878937e-12,float64,1.9949841127848455e-08,2.764252290631591e-15,0.0,1.9502091625414172e-13,-1.9225666396351191e-13,-1.781642354441655e-27,7.827619879900003e-15,6.981957962641687e-17,-0.005004004790919677,-0.005004004806410869,PASS
EXP0005-02-07,a2b9f28873f394c5,cavity_1d_pec,0.1,1.0,100.0,0.8500000000000001,0.04,0.7853981633974483,cavitylab.native_fdtd1d_batch,128,1.0901552528878937e-12,float64,1.9949841127848455e-08,2.4082473245594572e-15,0.0,1.9488443991347338e-13,-1.9247619258891403e-13,-1.132015398992152e-28,3.358407643844633e-15,7.750929516047095e-17,-0.0050040048078508394,-0.005004004806410935,PASS
EXP0005-02-08,09f7b0cf78bfc7dd,cavity_1d_pec,0.1,1.0,100.0,0.9,0.04,0.7853981633974483,cavitylab.native_fdtd1d_batch,128,1.0901552528878937e-12,float64,1.9949841127848455e-08,2.6586172082393188e-15,0.0,1.9484514249914014e-13,-1.9218652529090055e-13,2.7136815139602806e-28,4.4146251149092895e-15,8.086280694526175e-17,-0.005004004823943095,-0.005004004806411587,PASS
EXP0005-02-09,df4613fb41756a34,cavity_1d_pec,0.1,1.0,100.0,0.95,0.04,0.7853981633974483,cavitylab.native_fdtd1d_batch,128,1.0901552528878937e-12,float64,1.9949841127848455e-08,2.073366819234059e-15,0.0,1.946938167528659e-13,-1.9262044993363355e-13,-1.708278290256101e-27,9.159372343416309e-15,8.953057945598534e-17,-0.005004004744923622,-0.005004004806411853,PASS
EXP0005-02-10,fa3acb68c37fdc14,cavity_1d_pec,0.1,1.0,100.0,1.0,0.04,0.7853981633974483,cavitylab.native_fdtd1d_batch,128,1.0901552528878937e-12,float64,1.9949841127848455e-08,2.508627961678383e-15,0.0,1.9462389534425233e-13,-1.9211526738257244e-13,1.5067243289721325e-27,8.756467401623803e-15,9.259718202511291e-17,-0.0050040048536107,-0.005004004806411455,PASS
EXP0005-02-11,411a12068f23c744,cavity_1d_pec,0.1,1.0,100.0,1.05,0.04,0.7853981633974483,cavitylab.native_fdtd1d_batch,128,1.0901552528878937e-12,float64,1.9949841127848455e-08,1.6692368938663296e-15,0.0,1.9445097502062704e-13,-1.927817381267595e-13,1.1943354105046119e-27,6.276652469558958e-15,1.0229187312860124e-16,-0.005004004744924121,-0.005004004806413397,PASS
EXP0005-02-12,5a11179b824ed475,cavity_1d_pec,0.1,1.0,100.0,1.1,0.04,0.7853981633974483,cavitylab.native_fdtd1d_batch,128,1.0901552528878937e-12,float64,1.9949841127848455e-08,2.3006654171144174e-15,0.0,1.943440428314126e-13,-1.9204337741429677e-13,1.40338355038818e-27,7.202034142321102e-15,1.0475526512177194e-16,-0.0050040048078508585,-0.005004004806414763,PASS
EXP0005-02-13,ebca95aa9b25d1ad,cavity_1d_pec,0.1,1.0,100.0,1.15,0.04,0.7853981633974483,cavitylab.native_fdtd1d_batch,128,1.0901552528878937e-12,float64,1.9949841127848455e-08,1.1742505370089388e-15,0.0,1.941396928778437e-13,-1.9296544234083437e-13,3.9916361804183197e-28,3.691129144163606e-15,1.155279130661914e-16,-0.00500400488597497,-0.005004004806415683,PASS
EXP0005-02-14,f6b3eaaee008f550,cavity_1d_pec,0.1,1.0,100.0,1.2000000000000002,0.04,0.7853981633974483,cavitylab.native_fdtd1d_batch,128,1.0901552528878937e-12,float64,1.9949841127848455e-08,2.0143099613854312e-15,0.0,1.939852159770622e-13,-1.9197090601567616e-13,5.999287184205795e-28,4.714421050092531e-15,1.1693406092408327e-16,-0.005004004714812284,-0.005004004806416559,PASS
EXP0005-02-15,e5eda0a8914f9c4b,cavity_1d_pec,0.1,1.0,100.0,1.25,0.04,0.7853981633974483,cavitylab.native_fdtd1d_batch,128,1.0901552528878937e-12,float64,1.9949841127848455e-08,5.549455240586791e-16,0.0,1.9373481023106632e-13,-1.931798647070078e-13,-1.5925129524149176e-28,7.498364228542686e-15,1.288285872944429e-16,-0.005004004725059841,-0.005004004806416601,PASS
EXP0005-02-16,48fe2920bd34375c,cavity_1d_pec,0.1,1.0,100.0,1.3,0.04,0.7853981633974483,cavitylab.native_fdtd1d_batch,128,1.0901552528878937e-12,float64,1.9949841127848455e-08,1.6177694584472606e-15,0.0,1.9351582855983228e-13,-1.9189805910138564e-13,-6.1807251924066275e-28,7.293879139804984e-15,1.2850233053099134e-16,-0.005004004891817198,-0.005004004806415751,PASS
EXP0005-02-17,a58c8fe60bec05fc,cavity_1d_pec,0.1,1.0,100.0,1.35,0.04,0.7853981633974483,cavitylab.native_fdtd1d_batch,128,1.0901552528878937e-12,float64,1.9949841127848455e-08,-2.4280567123714984e-16,0.0,1.931956694997309e-13,-1.9343847517096745e-13,6.051549219176687e-28,8.381289251524544e-15,1.4153073455674312e-16,-0.005004004823942546,-0.005004004806414451,PASS
EXP0005-02-18,81d05fab62b47294,cavity_1d_pec,0.1,1.0,100.0,1.4,0.04,0.7853981633974483,cavitylab.native_fdtd1d_batch,128,1.0901552528878937e-12,float64,1.9949841127848455e-08,1.0588925211689679e-15,0.0,1.928835413748406e-13,-1.9182464885367125e-13,3.776671583745594e-28,6.9602911772455974e-15,1.3841747812714013e-16,-0.005004004902873711,-0.005004004806414372,PASS
EXP0005-02-19,fab4450d5dde24b5,cavity_1d_pec,0.1,1.0,100.0,1.4500000000000002,0.04,0.7853981633974483,cavitylab.native_fdtd1d_batch,128,1.0901552528878937e-12,float64,1.9949841127848455e-08,-1.3120360468255514e-15,0.0,1.9245252831362363e-13,-1.9376456436044785e-13,1.3343582211813415e-27,8.24352175529872e-15,1.524947693975386e-16,-0.005004004693691975,-0.005004004806415723,PASS
EXP0005-02-20,a0537596510fb295,cavity_1d_pec,0.1,1.0,100.0,1.5,0.04,0.7853981633974483,cavitylab.native_fdtd1d_batch,128,1.0901552528878937e-12,float64,1.9949841127848455e-08,2.459147265381968e-16,0.0,1.9199545133363688e-13,-1.9174953660709955e-13,-8.725294649810154e-28,8.276447320434452e-15,1.4483177066351698e-16,-0.0050040047731522656,-0.0050040048064179795,PASS
EXP0005-02-21,1b201077e2240bd1,cavity_1d_pec,0.1,1.0,100.0,1.55,0.04,0.7853981633974483,cavitylab.native_fdtd1d_batch,128,1.0901552528878937e-12,float64,1.9949841127848455e-08,-2.826561945639314e-15,0.0,1.9137539894094617e-13,-1.9420196088658777e-13,-2.2873021946883237e-27,1.4118135745305585e-14,1.5959247076734773e-16,-0.005004004902871793,-0.005004004806424779,PASS
EXP0005-02-22,24ee6278a11374eb,cavity_1d_pec,0.1,1.0,100.0,1.6,0.04,0.7853981633974483,cavitylab.native_fdtd1d_batch,128,1.0901552528878937e-12,float64,1.9949841127848455e-08,-9.988455741810928e-16,0.0,1.9066970288109308e-13,-1.916685484552769e-13,-2.7351779736275532e-27,1.2444997159066167e-14,1.44137681894117e-16,-0.0050040047909211925,-0.005004004806431619,PASS
EXP0005-02-23,cdd4fe9425644956,cavity_1d_pec,0.1,1.0,100.0,1.6500000000000001,0.04,0.7853981633974483,cavitylab.native_fdtd1d_batch,128,1.0901552528878937e-12,float64,1.9949841127848455e-08,-5.151974077561033e-15,0.0,1.896916763204307e-13,-1.948436503979893e-13,2.4312693098911584e-27,1.1428636951060555e-14,1.5835064999103675e-16,-0.005004004885970219,-0.0050040048064297305,PASS
EXP0005-02-24,98029a6aa6b01f1d,cavity_1d_pec,0.1,1.0,100.0,1.7000000000000002,0.04,0.7853981633974483,cavitylab.native_fdtd1d_batch,128,1.0901552528878937e-12,float64,1.9949841127848455e-08,-3.0700516645162338e-15,0.0,1.8849592647132278e-13,-1.9156597813584078e-13,-1.768231719052898e-27,7.768700447551852e-15,1.2823286581531771e-16,-0.005004004807851073,-0.005004004806440582,PASS
EXP0005-02-25,ea97e1b0ad7418b8,cavity_1d_pec,0.1,1.0,100.0,1.75,0.04,0.7853981633974483,cavitylab.native_fdtd1d_batch,128,1.0901552528878937e-12,float64,1.9949841127848455e-08,-9.209131937096367e-15,0.0,1.8671752224847431e-13,-1.9592665418557198e-13,-1.3016204936146695e-27,5.718650786732347e-15,1.3751187889358294e-16,-0.0050040046717357844,-0.005004004806427437,PASS
EXP0005-02-26,e404f2580a665808,cavity_1d_pec,0.1,1.0,100.0,1.8,0.04,0.7853981633974483,cavitylab.native_fdtd1d_batch,128,1.0901552528878937e-12,float64,1.9949841127848455e-08,-7.054331013834176e-15,0.0,1.8431192309297443e-13,-1.9136625410680775e-13,8.480254731125877e-28,6.543522839606468e-15,7.440518685901032e-17,-0.005004004823941822,-0.005004004806434404,PASS
EXP0005-02-27,271eb29a06807d3d,cavity_1d_pec,0.1,1.0,100.0,1.85,0.04,0.7853981633974483,cavitylab.native_fdtd1d_batch,128,1.0901552528878937e-12,float64,1.9949841127848455e-08,-1.8168209083762782e-14,0.0,1.8011581436494172e-13,-1.9828402344870752e-13,-3.013448657944265e-27,1.3364313596145412e-14,5.832017862410795e-17,-0.005004004625303254,-0.005004004806429322,PASS
EXP0005-02-28,8ddbb803895e8d32,cavity_1d_pec,0.1,1.0,100.0,1.9000000000000001,0.04,0.7853981633974483,cavitylab.native_fdtd1d_batch,128,1.0901552528878937e-12,float64,1.9949841127848455e-08,-1.7382672714678842e-14,0.0,1.730026183361289e-13,-1.9038529105080946e-13,-1.7197167733818057e-27,9.579606530017095e-15,-1.1366179015909513e-16,-0.005004004891810324,-0.005004004806425769,PASS
EXP0005-02-29,8b7229047f6d7dfe,cavity_1d_pec,0.1,1.0,100.0,1.9500000000000002,0.04,0.7853981633974483,cavitylab.native_fdtd1d_batch,128,1.0901552528878937e-12,float64,1.9949841127848455e-08,-5.480219326758074e-14,0.0,1.5347472320562725e-13,-2.0827691647320925e-13,-1.2621774483536189e-27,5.683992297115787e-15,-3.656753943985623e-16,-0.005004004799491448,-0.0050040048064246495,PASS
EXP0005-02-30,8d17f18986f33f81,cavity_1d_pec,0.1,1.0,100.0,2.0,0.04,0.7853981633974483,cavitylab.native_fdtd1d_batch,128,1.0901552528878937e-12,float64,1.9949841127848455e-08,2.371576342436726e-13,0.0,2.4783950767545737e-13,-1.0681873431783252e-14,1.5146129380243427e-27,8.65762558329046e-15,-2.5107574200560023e-15,0.004999165511134161,0.004998113395119361,PASS
EXP0005-02-31,aa0d8931c3bb54cc,cavity_1d_pec,0.1,1.0,100.0,2.05,0.04,0.7853981633974483,cavitylab.native_fdtd1d_batch,128,1.0901552528878937e-12,float64,1.9949841127848455e-08,1.1103900388884246e-13,0.0,2.8162124407697457e-13,-1.7058224018813403e-13,-1.9185097214975007e-27,1.0935655738886881e-14,1.794316615535584e-15,-0.0050040046604471885,-0.0050040048064302015,PASS
EXP0005-02-32,f7f930ea98ebc5fb,cavity_1d_pec,0.1,1.0,100.0,2.1,0.04,0.7853981633974483,cavitylab.native_fdtd1d_batch,128,1.0901552528878937e-12,float64,1.9949841127848455e-08,4.648893684612882e-14,0.0,2.3406022302876967e-13,-1.8757128618264158e-13,-7.257520328033309e-28,1.0343757880501099e-14,1.1717604403437618e-15,-0.0050040049028635064,-0.005004004806414883,PASS
EXP0005-02-33,ad925262ca47f072,cavity_1d_pec,0.1,1.0,100.0,2.1500000000000004,0.04,0.7853981633974483,cavitylab.native_fdtd1d_batch,128,1.0901552528878937e-12,float64,1.9949841127848455e-08,3.3377733579718004e-14,0.0,2.1930560376974908e-13,-1.859278701900303e-13,7.825500179792437e-28,4.315213689070905e-15,7.973518043985282e-16,-0.005004004885964039,-0.0050040048064111785,PASS
EXP0005-02-34,b7ee3573a1234a34,cavity_1d_pec,0.1,1.0,100.0,2.2,0.04,0.7853981633974483,cavitylab.native_fdtd1d_batch,128,1.0901552528878937e-12,float64,1.9949841127848455e-08,2.393223101300416e-14,0.0,2.1401374503551072e-13,-1.9008151402250503e-13,1.533545599749647e-27,8.848384733906324e-15,8.025894259239017e-16,-0.005004004938691607,-0.005004004806408533,PASS
EXP0005-02-35,723538cfc09faf19,cavity_1d_pec,0.1,1.0,100.0,2.25,0.04,0.7853981633974483,cavitylab.native_fdtd1d_batch,128,1.0901552528878937e-12,float64,1.9949841127848455e-08,2.1423208818597075e-14,0.0,2.1014769626011627e-13,-1.887244874415231e-13,-3.9127500898962186e-27,1.7055989212689097e-14,6.840513692277788e-16,-0.005004004885962639,-0.005004004806409842,PASS
EXP0005-02-36,1ee378a20247be13,cavity_1d_pec,0.1,1.0,100.0,2.3,0.04,0.7853981633974483,cavitylab.native_fdtd1d_batch,128,1.0901552528878937e-12,float64,1.9949841127848455e-08,1.7752010655766033e-14,0.0,2.0825275509855731e-13,-1.9050074444278963e-13,1.6471415701014726e-27,8.32768876876285e-15,7.231589003903109e-16,-0.005004004693704922,-0.005004004806407126,PASS
EXP0005-02-37,aaf307941de9e9ee,cavity_1d_pec,0.1,1.0,100.0,2.35,0.04,0.7853981633974483,cavitylab.native_fdtd1d_batch,128,1.0901552528878937e-12,float64,1.9949841127848455e-08,1.6549754311722886e-14,0.0,2.0647073218766127e-13,-1.899209778759376e-13,7.857054616001278e-28,5.805864985821475e-15,6.617873056298484e-16,-0.005004004902858935,-0.005004004806405677,PASS
EXP0005-02-38,2ab5a229efad1c77,cavity_1d_pec,0.1,1.0,100.0,2.4000000000000004,0.04,0.7853981633974483,cavitylab.native_fdtd1d_batch,128,1.0901552528878937e-12,float64,1.9949841127848455e-08,1.4905080495445696e-14,0.0,2.0552501945084042e-13,-1.9061993895539383e-13,8.929905447101854e-28,8.05895041869207e-15,7.066849616130988e-16,-0.0050040049028579805,-0.005004004806402168,PASS
EXP0005-02-39,ef810f55882ec2c7,cavity_1d_pec,0.1,1.0,100.0,2.45,0.04,0.7853981633974483,cavitylab.native_fdtd1d_batch,128,1.0901552528878937e-12,float64,1.9949841127848455e-08,1.3891826057724077e-14,0.0,2.044924635122962e-13,-1.9060063745457055e-13,1.5745663668211396e-27,7.28185501387718e-15,6.68832579107455e-16,-0.0050040048604929836,-0.005004004806399244,PASS
EXP0005-02-40,a74e470611a57e0e,cavity_1d_pec,0.1,1.0,100.0,2.5,0.04,0.7853981633974483,cavitylab.native_fdtd1d_batch,128,1.0901552528878937e-12,float64,1.9949841127848455e-08,1.3288123328314922e-14,0.0,2.0393754027890752e-13,-1.9064941695059466e-13,-2.066815571679051e-27,8.990003568462665e-15,7.148733775307872e-16,-0.005004004913071771,-0.005004004806401627,PASS
EXP0005-02-41,aef5a4b9bc66c70a,cavity_1d_pec,0.1,1.0,100.0,2.5500000000000003,0.04,0.7853981633974483,cavitylab.native_fdtd1d_batch,128,1.0901552528878937e-12,float64,1.9949841127848455e-08,1.2211698515569689e-14,0.0,2.0325963664463297e-13,-1.9104793812906535e-13,-2.068393293489493e-27,1.0154746622149623e-14,6.896547732707692e-16,-0.005004004917863614,-0.005004004806404553,PASS
EXP0005-02-42,495f310f9cfc746a,cavity_1d_pec,0.1,1.0,100.0,2.6,0.04,0.7853981633974483,cavitylab.native_fdtd1d_batch,128,1.0901552528878937e-12,float64,1.9949841127848455e-08,1.225812979569871e-14,0.0,2.0290103490293613e-13,-1.9064290510723685e-13,5.6482440813824445e-28,3.579638253904218e-15,7.358040136588267e-16,-0.005004004671753022,-0.005004004806402742,PASS
EXP0005-03-00,0d4a51a4e3bfbd1b,cavity_1d_pec,0.1,1.0,100.0,0.5,0.06,0.7853981633974483,cavitylab.native_fdtd1d_batch,128,1.0901552528878937e-12,float64,1.9949841127848455e-08,4.470444875525956e-15,0.0,1.9953142081966223e-13,-1.9506097594413603e-13,2.4454688061851366e-28,6.810305656682093e-15,6.4793836491714e-17,-0.0050090242941808515,-0.005009024373131911,PASS
EXP0005-03-01,4a6744e298f58d7d,cavity_1d_pec,0.1,1.0,100.0,0.55,0.06,0.7853981633974483,cavitylab.native_fdtd1d_batch,128,1.0901552528878937e-12,float64,1.9949841127848455e-08,4.833513483950806e-15,0.0,1.9934411935357554e-13,-1.945106058696244e-13,3.478876592024662e-28,8.468437305020855e-15,7.523163920159698e-17,-0.005009024370884296,-0.005009024373132041,PASS
EXP0005-03-02,13ce15eb6c84fd74,cavity_1d_pec,0.1,1.0,100.0,0.6,0.06,0.7853981633974483,cavitylab.native_fdtd1d_batch,128,1.0901552528878937e-12,float64,1.9949841127848455e-08,4.4379406110449855e-15,0.0,1.994034984863799e-13,-1.9496555787533656e-13,-1.6368863783335995e-27,9.976140515159813e-15,8.177562086512435e-17,-0.005009024407348953,-0.0050090243731321935,PASS
EXP0005-03-03,c036c7bd3d78b709,cavity_1d_pec,0.1,1.0,100.0,0.65,0.06,0.7853981633974483,cavitylab.native_fdtd1d_batch,128,1.0901552528878937e-12,float64,1.9949841127848455e-08,4.535748682421376e-15,0.0,1.9921480042398286e-13,-1.9467905174156263e-13,-1.1501591998122352e-27,7.976126052730583e-15,9.407456881178411e-17,-0.005009024352180303,-0.00500902437313217,PASS
EXP0005-03-04,744d1ece878f54e5,cavity_1d_pec,0.1,1.0,100.0,0.7,0.06,0.7853981633974483,cavitylab.native_fdtd1d_batch,128,1.0901552528878937e-12,float64,1.9949841127848455e-08,4.365933641480422e-15,0.0,1.9923340094642242e-13,-1.9486746730494226e-13,-2.619018205333759e-28,8.760039731531179e-15,1.0110547451984542e-16,-0.005009024370884361,-0.005009024373132332,PASS
EXP0005-03-05,3da71d85089b6a6c,cavity_1d_pec,0.1,1.0,100.0,0.75,0.06,0.7853981633974483,cavitylab.native_fdtd1d_batch,128,1.0901552528878937e-12,float64,1.9949841127848455e-08,4.1762127715571905e-15,0.0,1.9903647544831772e-13,-1.9486026267676042e-13,1.0886280492049963e-28,4.416889585997465e-15,1.1526549896197976e-16,-0.0050090242941819105,-0.005009024373132551,PASS
EXP0005-03-06,01181f19d5854ad2,cavity_1d_pec,0.1,1.0,100.0,0.8,0.06,0.7853981633974483,cavitylab.native_fdtd1d_batch,128,1.0901552528878937e-12,float64,1.9949841127848455e-08,4.2507069044118385e-15,0.0,1.9901802652357878e-13,-1.9476731961916857e-13,-1.6234757429448423e-27,9.907013213316255e-15,1.2254178961364067e-16,-0.005009024333162195,-0.005009024373132146,PASS
EXP0005-03-07,14aa2eb137827c84,cavity_1d_pec,0.1,1.0,100.0,0.8500000000000001,0.06,0.7853981633974483,cavitylab.native_fdtd1d_batch,128,1.0901552528878937e-12,float64,1.9949841127848455e-08,3.750205476164294e-15,0.0,1.988060573594211e-13,-1.9505585188325822e-13,-1.4231050730187053e-27,6.752372026170907e-15,1.3856220501941074e-16,-0.005009024370884418,-0.005009024373133228,PASS
EXP0005-03-08,bcc183b3bf7c3c02,cavity_1d_pec,0.1,1.0,100.0,0.9,0.06,0.7853981633974483,cavitylab.native_fdtd1d_batch,128,1.0901552528878937e-12,float64,1.9949841127848455e-08,4.080784732400664e-15,0.0,1.9874638388281806e-13,-1.9466559915041672e-13,6.752649348691861e-28,6.535655405216456e-15,1.4572473656793625e-16,-0.005009024407348382,-0.005009024373134105,PASS
EXP0005-03-09,d67967ecbfa8a2f7,cavity_1d_pec,0.1,1.0,100.0,0.95,0.06,0.7853981633974483,cavitylab.native_fdtd1d_batch,128,1.0901552528878937e-12,float64,1.9949841127848455e-08,3.241609928536641e-15,0.0,1.9851183757599634e-13,-1.952702276474583e-13,1.3907617759046438e-27,6.731680860021883e-15,1.6358182524879436e-16,-0.005009024233355467,-0.00500902437313441,PASS
EXP0005-03-10,229c9474147d3cdf,cavity_1d_pec,0.1,1.0,100.0,1.0,0.06,0.7853981633974483,cavitylab.native_fdtd1d_batch,128,1.0901552528878937e-12,float64,1.9949841127848455e-08,3.842405462528813e-15,0.0,1.984051456017029e-13,-1.9456274013917495e-13,-8.559140821647978e-28,6.737651223072231e-15,1.7015199101100754e-16,-0.005009024476500844,-0.005009024373133643,PASS
EXP0005-03-11,68c1191eb3dfca58,cavity_1d_pec,0.1,1.0,100.0,1.05,0.06,0.7853981633974483,cavitylab.native_fdtd1d_batch,128,1.0901552528878937e-12,float64,1.9949841127848455e-08,2.6292603948814184e-15,0.0,1.9813784772596498e-13,-1.9550858733108452e-13,-9.572827084856978e-28,4.878667757070957e-15,1.897841119674287e-16,-0.005009024233356579,-0.00500902437313446,PASS
EXP0005-03-12,5469b80567d7907f,cavity_1d_pec,0.1,1.0,100.0,1.1,0.06,0.7853981633974483,cavitylab.native_fdtd1d_batch,128,1.0901552528878937e-12,float64,1.9949841127848455e-08,3.5150209922116125e-15,0.0,1.979747751211548e-13,-1.9445975412894265e-13,5.261702237824149e-28,4.9162748666209084e-15,1.9509247896697612e-16,-0.005009024370884554,-0.005009024373137759,PASS
EXP0005-03-13,80cd67f00cca7e0b,cavity_1d_pec,0.1,1.0,100.0,1.15,0.06,0.7853981633974483,cavitylab.native_fdtd1d_batch,128,1.0901552528878937e-12,float64,1.9949841127848455e-08,1.8811783810113605e-15,0.0,1.9765980245153995e-13,-1.9577862407052886e-13,-2.619018205333759e-28,4.967557288734478e-15,2.1636872385599277e-16,-0.005009024555859972,-0.00500902437313874,PASS
EXP0005-03-14,796890250e06001e,cavity_1d_pec,0.1,1.0,100.0,1.2000000000000002,0.06,0.7853981633974483,cavitylab.native_fdtd1d_batch,128,1.0901552528878937e-12,float64,1.9949841127848455e-08,3.0681240517505355e-15,0.0,1.9742472773335382e-13,-1.9435660368160094e-13,2.3401558753381315e-27,1.1935129039898185e-14,2.1945110500346216e-16,-0.005009024169702912,-0.005009024373138904,PASS
EXP0005-03-15,ac0802383541214e,cavity_1d_pec,0.1,1.0,100.0,1.25,0.06,0.7853981633974483,cavitylab.native_fdtd1d_batch,128,1.0901552528878937e-12,float64,1.9949841127848455e-08,9.479527260493245e-16,0.0,1.970402755312949e-13,-1.9609232280524634e-13,-7.545454558438978e-28,3.4660507046009108e-15,2.4210928861240455e-16,-0.005009024191236564,-0.0050090243731416685,PASS
EXP0005-03-16,fdf6b6371224fc5c,cavity_1d_pec,0.1,1.0,100.0,1.3,0.06,0.7853981633974483,cavitylab.native_fdtd1d_batch,128,1.0901552528878937e-12,float64,1.9949841127848455e-08,2.4548126598734033e-15,0.0,1.967082830586689e-13,-1.94253470398795e-13,4.859383176161433e-28,6.06414641492965e-15,2.4152354844904797e-16,-0.005009024570784971,-0.005009024373138187,PASS
EXP0005-03-17,40f77f1a235d23a6,cavity_1d_pec,0.1,1.0,100.0,1.35,0.06,0.7853981633974483,cavitylab.native_fdtd1d_batch,128,1.0901552528878937e-12,float64,1.9949841127848455e-08,-2.5003996425551964e-16,0.0,1.9621927506214346e-13,-1.9646931502639622e-13,2.766140764157478e-27,1.5586437494384368e-14,2.650388553701838e-16,-0.005009024407347207,-0.005009024373139809,PASS
EXP0005-03-18,047235e09f85e242,cavity_1d_pec,0.1,1.0,100.0,1.4,0.06,0.7853981633974483,cavitylab.native_fdtd1d_batch,128,1.0901552528878937e-12,float64,1.9949841127848455e-08,1.599421333309745e-15,0.0,1.9574867497155874e-13,-1.9414925363825028e-13,-1.2852516298313335e-27,7.202081993953887e-15,2.585145841379173e-16,-0.005009024599693651,-0.005009024373147132,PASS
EXP0005-03-19,049c12cf4d00b67b,cavity_1d_pec,0.1,1.0,100.0,1.4500000000000002,0.06,0.7853981633974483,cavitylab.native_fdtd1d_batch,128,1.0901552528878937e-12,float64,1.9949841127848455e-08,-1.8489026415939034e-15,0.0,1.9509502166690821e-13,-1.9694392430850524e-13,-3.1250724760330383e-27,1.3736851470154944e-14,2.8180554419489936e-16,-0.005009024125700427,-0.005009024373140359,PASS
EXP0005-03-20,0b34370c3070023a,cavity_1d_pec,0.1,1.0,100.0,1.5,0.06,0.7853981633974483,cavitylab.native_fdtd1d_batch,128,1.0901552528878937e-12,float64,1.9949841127848455e-08,3.717786985097892e-16,0.0,1.9441138971391101e-13,-1.940396110154006e-13,6.151635946526603e-28,7.510738072049936e-15,2.655136441670592e-16,-0.0050090242941872335,-0.0050090243731463644,PASS
EXP0005-03-21,75b5c4c170e4c62e,cavity_1d_pec,0.1,1.0,100.0,1.55,0.06,0.7853981633974483,cavitylab.native_fdtd1d_batch,128,1.0901552528878937e-12,float64,1.9949841127848455e-08,-4.100895241516531e-15,0.0,1.934806945879856e-13,-1.9758158982950336e-13,-1.2243121249030103e-27,5.952179793315022e-15,2.862092777511663e-16,-0.005009024599689534,-0.005009024373162499,PASS
EXP0005-03-22,b021256c5314e13e,cavity_1d_pec,0.1,1.0,100.0,1.6,0.06,0.7853981633974483,cavitylab.native_fdtd1d_batch,128,1.0901552528878937e-12,float64,1.9949841127848455e-08,-1.4721497077385098e-15,0.0,1.9243786410077353e-13,-1.9391001380850972e-13,2.314912326371059e-27,1.1141960911208304e-14,2.5304609873094837e-16,-0.005009024333165414,-0.005009024373149109,PASS
EXP0005-03-23,c30ce48173fbb17f,cavity_1d_pec,0.1,1.0,100.0,1.6500000000000001,0.06,0.7853981633974483,cavitylab.native_fdtd1d_batch,128,1.0901552528878937e-12,float64,1.9949841127848455e-08,-7.530133311228201e-15,0.0,1.9099326227619644e-13,-1.9852339558742465e-13,-7.888609052210118e-30,3.972678299731221e-15,2.6537524231293826e-16,-0.005009024555849668,-0.0050090243731493065,PASS
EXP0005-03-24,a1a5b0fbfc2e1e4e,cavity_1d_pec,0.1,1.0,100.0,1.7000000000000002,0.06,0.7853981633974483,cavitylab.native_fdtd1d_batch,128,1.0901552528878937e-12,float64,1.9949841127848455e-08,-4.44764717639518e-15,0.0,1.8926053333614508e-13,-1.937081805125389e-13,1.3663070878427924e-27,6.9983412044318496e-15,2.0020061661691268e-16,-0.005009024370884971,-0.005009024373146517,PASS
EXP0005-03-25,2e6f37c7838bcf9d,cavity_1d_pec,0.1,1.0,100.0,1.75,0.06,0.7853981633974483,cavitylab.native_fdtd1d_batch,128,1.0901552528878937e-12,float64,1.9949841127848455e-08,-1.3429064562632033e-14,0.0,1.8670715609498635e-13,-2.0013622065761572e-13,2.661616694215694e-27,1.3251377874146482e-14,1.874340814631824e-16,-0.00500902408044588,-0.005009024373144484,PASS
EXP0005-03-26,93da1f9d73c7e265,cavity_1d_pec,0.1,1.0,100.0,1.8,0.06,0.7853981633974483,cavitylab.native_fdtd1d_batch,128,1.0901552528878937e-12,float64,1.9949841127848455e-08,-9.847572276660293e-15,0.0,1.8334704616475544e-13,-1.9319461844141442e-13,1.3095091026668796e-27,1.1172730364476445e-14,5.004523615428274e-17,-0.005009024407345581,-0.005009024373143978,PASS
EXP0005-03-27,63c2e3fe2c14fcce,cavity_1d_pec,0.1,1.0,100.0,1.85,0.06,0.7853981633974483,cavitylab.native_fdtd1d_batch,128,1.0901552528878937e-12,float64,1.9949841127848455e-08,-2.6036788740575906e-14,0.0,1.7769748427187594e-13,-2.037342730124517e-13,1.4830585018155022e-28,5.677177804731003e-15,-5.484874963813996e-17,-0.0050090239861545665,-0.005009024373144413,PASS
EXP0005-03-28,0568eb3d40ccbeb9,cavity_1d_pec,0.1,1.0,100.0,1.9000000000000001,0.06,0.7853981633974483,cavitylab.native_fdtd1d_batch,128,1.0901552528878937e-12,float64,1.9949841127848455e-08,-2.1785331783008156e-14,0.0,1.6865011986005352e-13,-1.9043545164306009e-13,1.5934990285464438e-27,7.876980036644348e-15,-4.2439023464528607e-16,-0.005009024570769755,-0.005009024373143305,PASS
EXP0005-03-29,629a61eca6329d1b,cavity_1d_pec,0.1,1.0,100.0,1.9500000000000002,0.06,0.7853981633974483,cavitylab.native_fdtd1d_batch,128,1.0901552528878937e-12,float64,1.9949841127848455e-08,-6.527504410608116e-14,0.0,1.516578810108955e-13,-2.169329251169761e-13,5.679798517591285e-28,6.523124092846101e-15,-1.3042558616921433e-15,-0.005009024352183542,-0.0050090243731336,PASS
EXP0005-03-30,02d2cd4e4bb3f4ff,cavity_1d_pec,0.1,1.0,100.0,2.0,0.06,0.7853981633974483,cavitylab.native_fdtd1d_batch,128,1.0901552528878937e-12,float64,1.9949841127848455e-08,1.924080193241793e-12,0.0,7.408597622863329e-13,1.1832204309554639e-12,3.6350710512584224e-27,3.554973893253008e-15,-2.5954195999886538e-15,0.00999868858926033,0.00999703151959398,PASS
EXP0005-03-31,30996ce423eb91e8,cavity_1d_pec,0.1,1.0,100.0,2.05,0.06,0.7853981633974483,cavitylab.native_fdtd1d_batch,128,1.0901552528878937e-12,float64,1.9949841127848455e-08,2.40159560043464e-13,0.0,4.3373887788865736e-13,-1.93579317845194e-13,-6.058451752097371e-28,6.1348797577907935e-15,8.343171554754134e-15,-0.005009024057355511,-0.005009024373127864,PASS
EXP0005-03-32,e2c57d49463e4cfd,cavity_1d_pec,0.1,1.0,100.0,2.1,0.06,0.7853981633974483,cavitylab.native_fdtd1d_batch,128,1.0901552528878937e-12,float64,1.9949841127848455e-08,9.549715138432324e-14,0.0,2.7218403706241e-13,-1.7668688567808722e-13,-4.417621069237666e-28,4.205031880481653e-15,3.35645786402453e-15,-0.005009024599671131,-0.005009024373129361,PASS
EXP0005-03-33,4181a03fedbbec73,cavity_1d_pec,0.1,1.0,100.0,2.1500000000000004,0.06,0.7853981633974483,cavitylab.native_fdtd1d_batch,128,1.0901552528878937e-12,float64,1.9949841127848455e-08,5.34325496557508e-14,0.0,2.4154659637216357e-13,-1.8811404671641296e-13,-1.9563750449481093e-28,3.5142804691183244e-15,2.2245219834352673e-15,-0.0050090245558360785,-0.005009024373126945,PASS
EXP0005-03-34,c5179b50b8556dc0,cavity_1d_pec,0.1,1.0,100.0,2.2,0.06,0.7853981633974483,cavitylab.native_fdtd1d_batch,128,1.0901552528878937e-12,float64,1.9949841127848455e-08,4.2709357720248495e-14,0.0,2.313075051451505e-13,-1.8859814742490286e-13,-8.330371159133885e-28,5.495027468581435e-15,2.060401626879214e-15,-0.005009024702702673,-0.005009024373123764,PASS
EXP0005-03-35,6b7ba23d777e5c29,cavity_1d_pec,0.1,1.0,100.0,2.25,0.06,0.7853981633974483,cavitylab.native_fdtd1d_batch,128,1.0901552528878937e-12,float64,1.9949841127848455e-08,3.353186959622618e-14,0.0,2.2427075067011746e-13,-1.9073888107389188e-13,-5.932234007262009e-28,4.340539563092217e-15,1.7676836228884605e-15,-0.005009024555832973,-0.0050090243731190425,PASS
EXP0005-03-36,6a7bd658caa0de3a,cavity_1d_pec,0.1,1.0,100.0,2.3,0.06,0.7853981633974483,cavitylab.native_fdtd1d_batch,128,1.0901552528878937e-12,float64,1.9949841127848455e-08,3.033404040138854e-14,0.0,2.2088112168991602e-13,-1.9054708128852654e-13,9.40322199023446e-28,7.065142609478114e-15,1.7843553532710525e-15,-0.005009024125728214,-0.005009024373119996,PASS
EXP0005-03-37,dad5dfc1d6e63326,cavity_1d_pec,0.1,1.0,100.0,2.35,0.06,0.7853981633974483,cavitylab.native_fdtd1d_batch,128,1.0901552528878937e-12,float64,1.9949841127848455e-08,2.5692227882050226e-14,0.0,2.1777793435162647e-13,-1.920857064695754e-13,8.488143340178087e-28,5.946664753148403e-15,1.6513493254987057e-15,-0.005009024599661075,-0.005009024373120817,PASS
EXP0005-03-38,859b33f3f8f3510f,cavity_1d_pec,0.1,1.0,100.0,2.4000000000000004,0.06,0.7853981633974483,cavitylab.native_fdtd1d_batch,128,1.0901552528878937e-12,float64,1.9949841127848455e-08,2.4939018890818245e-14,0.0,2.1613958853916288e-13,-1.9120056964834415e-13,4.764719867534911e-28,6.159680185475545e-15,1.707501798752784e-15,-0.00500902459965892,-0.005009024373120948,PASS
EXP0005-03-39,33735bdea7f40e35,cavity_1d_pec,0.1,1.0,100.0,2.45,0.06,0.7853981633974483,cavitylab.native_fdtd1d_batch,128,1.0901552528878937e-12,float64,1.9949841127848455e-08,2.1477646554527187e-14,0.0,2.1438222364808104e-13,-1.929045770935547e-13,-8.519697776386927e-28,4.902653407058943e-15,1.6355517550429519e-15,-0.005009024492979796,-0.005009024373119221,PASS
EXP0005-03-40,41f107db3444fb4b,cavity_1d_pec,0.1,1.0,100.0,2.5,0.06,0.7853981633974483,cavitylab.native_fdtd1d_batch,128,1.0901552528878937e-12,float64,1.9949841127848455e-08,2.1960465230304127e-14,0.0,2.1343688416657693e-13,-1.91476418936272e-13,7.9832723608366395e-28,4.495797609023615e-15,1.7052899241514079e-15,-0.005009024627300663,-0.005009024373122211,PASS
EXP0005-03-41,86c2e11b7e0aa3a7,cavity_1d_pec,0.1,1.0,100.0,2.5500000000000003,0.06,0.7853981633974483,cavitylab.native_fdtd1d_batch,128,1.0901552528878937e-12,float64,1.9949841127848455e-08,1.8835534945420283e-14,0.0,2.1229955800472928e-13,-1.9346402305931162e-13,-2.615862761712875e-27,1.0477267465547617e-14,1.6646524267394323e-15,-0.005009024640648708,-0.005009024373124486,PASS
EXP0005-03-42,e0b7a70873bd51ce,cavity_1d_pec,0.1,1.0,100.0,2.6,0.06,0.7853981633974483,cavitylab.native_fdtd1d_batch,128,1.0901552528878937e-12,float64,1.9949841127848455e-08,2.009490916105216e-14,0.0,2.1169454539210132e-13,-1.9159963623105024e-13,-1.0823171619632282e-27,9.074031356864456e-15,1.7404294868753983e-15,-0.005009024080483168,-0.005009024373126823,PASS
EXP0005-04-00,be15860f83b9725c,cavity_1d_pec,0.1,1.0,100.0,0.5,0.08,0.7853981633974483,cavitylab.native_fdtd1d_batch,128,1.0901552528878937e-12,float64,1.9949841127848455e-08,6.121683082598371e-15,0.0,2.0385199496820508e-13,-1.9773031188560507e-13,1.6353086565231575e-27,8.938625154048296e-15,9.526931638016401e-17,-0.005016077069164254,-0.00501607721190838,PASS
EXP0005-04-01,4cc46afa032175f8,cavity_1d_pec,0.1,1.0,100.0,0.55,0.08,0.7853981633974483,cavitylab.native_fdtd1d_batch,128,1.0901552528878937e-12,float64,1.9949841127848455e-08,6.670455122875712e-15,0.0,2.0359113567851095e-13,-1.9692068055563648e-13,-1.2369338993865465e-27,7.548921922550976e-15,1.1356606063071235e-16,-0.005016077204482191,-0.005016077211908784,PASS
EXP0005-04-02,bf3fc5184db03448,cavity_1d_pec,0.1,1.0,100.0,0.6,0.08,0.7853981633974483,cavitylab.native_fdtd1d_batch,128,1.0901552528878937e-12,float64,1.9949841127848455e-08,6.064279743084478e-15,0.0,2.036753243007557e-13,-1.976110445576718e-13,-5.5772465999125535e-28,4.829792573358449e-15,1.2464585677098417e-16,-0.005016077269625277,-0.005016077211908812,PASS
EXP0005-04-03,99ef1fe833b8420a,cavity_1d_pec,0.1,1.0,100.0,0.65,0.08,0.7853981633974483,cavitylab.native_fdtd1d_batch,128,1.0901552528878937e-12,float64,1.9949841127848455e-08,6.271468260635882e-15,0.0,2.0341362380753568e-13,-1.9714215554689834e-13,1.4593926746588718e-27,7.899285517767494e-15,1.4627177227665847e-16,-0.00501607717128186,-0.005016077211909052,PASS
EXP0005-04-04,3c2d34c4cdc81d17,cavity_1d_pec,0.1,1.0,100.0,0.7,0.08,0.7853981633974483,cavitylab.native_fdtd1d_batch,128,1.0901552528878937e-12,float64,1.9949841127848455e-08,5.9510115571715094e-15,0.0,2.0343974161848384e-13,-1.974887300613145e-13,-2.1662120457368984e-27,1.2764042430171745e-14,1.5813291011201621e-16,-0.0050160772044823285,-0.005016077211909216,PASS
EXP0005-04-05,b29d7ab33b746e95,cavity_1d_pec,0.1,1.0,100.0,0.75,0.08,0.7853981633974483,cavitylab.native_fdtd1d_batch,128,1.0901552528878937e-12,float64,1.9949841127848455e-08,5.787240775203292e-15,0.0,2.0316716652013272e-13,-1.973799257449269e-13,2.529876923043785e-27,1.5051314088237197e-14,1.8302488016174989e-16,-0.005016077069166086,-0.005016077211909396,PASS
EXP0005-04-06,d021751b1723680f,cavity_1d_pec,0.1,1.0,100.0,0.8,0.08,0.7853981633974483,cavitylab.native_fdtd1d_batch,128,1.0901552528878937e-12,float64,1.9949841127848455e-08,5.779122214918221e-15,0.0,2.0314374611357045e-13,-1.973646238986521e-13,1.2542888393014088e-28,3.1210791770872904e-15,1.952534705396293e-16,-0.005016077137662927,-0.005016077211908581,PASS
EXP0005-04-07,32ebc6d36da2e1d9,cavity_1d_pec,0.1,1.0,100.0,0.8500000000000001,0.08,0.7853981633974483,cavitylab.native_fdtd1d_batch,128,1.0901552528878937e-12,float64,1.9949841127848455e-08,5.216393626809234e-15,0.0,2.0285057160245143e-13,-1.9763417797564319e-13,-9.939647405784749e-28,4.7478892384478366e-15,2.2332850362162324e-16,-0.005016077204482428,-0.005016077211909978,PASS
EXP0005-04-08,5493ca7ac564a5d2,cavity_1d_pec,0.1,1.0,100.0,0.9,0.08,0.7853981633974483,cavitylab.native_fdtd1d_batch,128,1.0901552528878937e-12,float64,1.9949841127848455e-08,5.531157171326605e-15,0.0,2.0277052735068426e-13,-1.9723937017935564e-13,2.008439864692696e-27,9.537749199477433e-15,2.3528692145634657e-16,-0.0050160772696243375,-0.005016077211911023,PASS
EXP0005-04-09,f1c93f71e8797fae,cavity_1d_pec,0.1,1.0,100.0,0.95,0.08,0.7853981633974483,cavitylab.native_fdtd1d_batch,128,1.0901552528878937e-12,float64,1.9949841127848455e-08,4.5356225368186e-15,0.0,2.024468387667458e-13,-1.9791121622992478e-13,2.4241695617441693e-27,1.3809005784878946e-14,2.663877200345872e-16,-0.005016076963280883,-0.005016077211910948,PASS
EXP0005-04-10,5290e6a5d3619062,cavity_1d_pec,0.1,1.0,100.0,1.0,0.08,0.7853981633974483,cavitylab.native_fdtd1d_batch,128,1.0901552528878937e-12,float64,1.9949841127848455e-08,5.188918199014599e-15,0.0,2.0230260416872068e-13,-1.9711368596970578e-13,2.9661170036310044e-28,7.73525513251594e-15,2.7723988554590335e-16,-0.005016077394873908,-0.005016077211910601,PASS
EXP0005-04-11,ca7092aceff3e061,cavity_1d_pec,0.1,1.0,100.0,1.05,0.08,0.7853981633974483,cavitylab.native_fdtd1d_batch,128,1.0901552528878937e-12,float64,1.9949841127848455e-08,3.717155868701592e-15,0.0,2.0193472924933733e-13,-1.9821757338063514e-13,5.908568180105378e-28,9.079792441723595e-15,3.1109272788145014e-16,-0.005016076963282779,-0.005016077211911011,PASS
EXP0005-04-12,a70bd5b2836b260a,cavity_1d_pec,0.1,1.0,100.0,1.1,0.08,0.7853981633974483,cavitylab.native_fdtd1d_batch,128,1.0901552528878937e-12,float64,1.9949841127848455e-08,4.724939412551323e-15,0.0,2.0171416068781763e-13,-1.9698922127526614e-13,1.6566079009641248e-28,4.512109250859422e-15,3.196722436116209e-16,-0.005016077204482598,-0.005016077211916281,PASS
EXP0005-04-13,0a6fd0a278f6696f,cavity_1d_pec,0.1,1.0,100.0,1.15,0.08,0.7853981633974483,cavitylab.native_fdtd1d_batch,128,1.0901552528878937e-12,float64,1.9949841127848455e-08,2.7188706763151288e-15,0.0,2.012819388568626e-13,-1.9856306818054574e-13,1.731549686960121e-27,8.778967520949723e-15,3.558085698904142e-16,-0.005016077541992845,-0.00501607721192245,PASS
EXP0005-04-14,430c699bcf228c5c,cavity_1d_pec,0.1,1.0,100.0,1.2000000000000002,0.08,0.7853981633974483,cavitylab.native_fdtd1d_batch,128,1.0901552528878937e-12,float64,1.9949841127848455e-08,4.098928498117275e-15,0.0,2.0096450744062606e-13,-1.9686557894250773e-13,1.0483961430387247e-27,5.997311518452026e-15,3.6043554338637793e-16,-0.005016076853629622,-0.005016077211920736,PASS
EXP0005-04-15,fc139e81221a5091,cavity_1d_pec,0.1,1.0,100.0,1.25,0.08,0.7853981633974483,cavitylab.native_fdtd1d_batch,128,1.0901552528878937e-12,float64,1.9949841127848455e-08,1.4757204849275188e-15,0.0,2.0043901994629382e-13,-1.989632994613671e-13,-7.880720443157908e-28,5.85184804306775e-15,3.9804377691027063e-16,-0.005016076890602115,-0.005016077211922736,PASS
EXP0005-04-16,c011f63319b62a71,cavity_1d_pec,0.1,1.0,100.0,1.3,0.08,0.7853981633974483,cavitylab.native_fdtd1d_batch,128,1.0901552528878937e-12,float64,1.9949841127848455e-08,3.2499092883459103e-15,0.0,1.999922757044958e-13,-1.9674236641615191e-13,-2.0313168309441054e-27,9.444585068428389e-15,3.962037414264413e-16,-0.005016077570152906,-0.0050160772119212755,PASS
EXP0005-04-17,76e8113a6d7f1544,cavity_1d_pec,0.1,1.0,100.0,1.35,0.08,0.7853981633974483,cavitylab.native_fdtd1d_batch,128,1.0901552528878937e-12,float64,1.9949841127848455e-08,-1.169126474046585e-16,0.0,1.993273608306059e-13,-1.9944427347800893e-13,1.63032897205895e-27,8.692391329049985e-15,4.3382518281007723e-16,-0.005016077269622226,-0.005016077211915397,PASS
EXP0005-04-18,41f01d0fc9ad7de1,cavity_1d_pec,0.1,1.0,100.0,1.4,0.08,0.7853981633974483,cavitylab.native_fdtd1d_batch,128,1.0901552528878937e-12,float64,1.9949841127848455e-08,2.0815739010918964e-15,0.0,1.986975158873169e-13,-1.966159419862251e-13,-1.00579765415679e-28,4.513162436270422e-15,4.2155503797152583e-16,-0.005016077625218972,-0.005016077211916024,PASS
EXP0005-04-19,225cc8c9f305f793,cavity_1d_pec,0.1,1.0,100.0,1.4500000000000002,0.08,0.7853981633974483,cavitylab.native_fdtd1d_batch,128,1.0901552528878937e-12,float64,1.9949841127848455e-08,-2.237266927518095e-15,0.0,1.978151277116933e-13,-2.0005239463921134e-13,5.640355472330234e-29,4.084783042095278e-15,4.564253913068856e-16,-0.005016076778440953,-0.00501607721193173,PASS
EXP0005-04-20,748c9b0fe85d7488,cavity_1d_pec,0.1,1.0,100.0,1.5,0.08,0.7853981633974483,cavitylab.native_fdtd1d_batch,128,1.0901552528878937e-12,float64,1.9949841127848455e-08,4.330206771963878e-16,0.0,1.969074607956216e-13,-1.9647444011842426e-13,9.565924551936294e-28,9.130889921512731e-15,4.270396306222086e-16,-0.005016077069175281,-0.005016077211914449,PASS
EXP0005-04-21,9817ec745d9d8ab3,cavity_1d_pec,0.1,1.0,100.0,1.55,0.08,0.7853981633974483,cavitylab.native_fdtd1d_batch,128,1.0901552528878937e-12,float64,1.9949841127848455e-08,-5.213908586731424e-15,0.0,1.9566425355589166e-13,-2.0087816214262306e-13,1.9721522630525295e-29,4.278734342607647e-15,4.534942779770769e-16,-0.005016077625211705,-0.005016077211916959,PASS
EXP0005-04-22,5679b7831269e91c,cavity_1d_pec,0.1,1.0,100.0,1.6,0.08,0.7853981633974483,cavitylab.native_fdtd1d_batch,128,1.0901552528878937e-12,float64,1.9949841127848455e-08,-1.9846621900564448e-15,0.0,1.9429641213902822e-13,-1.9628107432908343e-13,1.234172886218273e-27,6.860816438994051e-15,3.946211253203571e-16,-0.005016077137668554,-0.005016077211916399,PASS
EXP0005-04-23,33d0c359bb350bcd,cavity_1d_pec,0.1,1.0,100.0,1.6500000000000001,0.08,0.7853981633974483,cavitylab.native_fdtd1d_batch,128,1.0901552528878937e-12,float64,1.9949841127848455e-08,-9.722902727184399e-15,0.0,1.92398626512149e-13,-2.0212152923933282e-13,5.742907390008966e-28,6.442556243106508e-15,3.9962048718886644e-16,-0.005016077541974849,-0.0050160772119165606,PASS
EXP0005-04-24,0ff575815c62e44c,cavity_1d_pec,0.1,1.0,100.0,1.7000000000000002,0.08,0.7853981633974483,cavitylab.native_fdtd1d_batch,128,1.0901552528878937e-12,float64,1.9949841127848455e-08,-5.740247793797574e-15,0.0,1.9017069673741484e-13,-1.959109445312106e-13,1.811224638387443e-27,8.695764395145852e-15,2.8512119132875807e-16,-0.005016077204483371,-0.005016077211917457,PASS
EXP0005-04-25,e1a9a8eb5f7c7bb6,cavity_1d_pec,0.1,1.0,100.0,1.75,0.08,0.7853981633974483,cavitylab.native_fdtd1d_batch,128,1.0901552528878937e-12,float64,1.9949841127848455e-08,-1.739651111608161e-14,0.0,1.8691684212853513e-13,-2.0431335324461533e-13,1.4104832985351691e-27,6.63819407666681e-15,2.325706461728307e-16,-0.005016076701585527,-0.005016077211917295,PASS
EXP0005-04-26,a73e5a591bebf394,cavity_1d_pec,0.1,1.0,100.0,1.8,0.08,0.7853981633974483,cavitylab.native_fdtd1d_batch,128,1.0901552528878937e-12,float64,1.9949841127848455e-08,-1.2081461948639566e-14,0.0,1.8275668381710338e-13,-1.9483814576574193e-13,1.0128974023037792e-27,5.167537258868675e-15,-5.399725467974869e-18,-0.0050160772696194395,-0.005016077211912349,PASS
EXP0005-04-27,033d255d6e2ac294,cavity_1d_pec,0.1,1.0,100.0,1.85,0.08,0.7853981633974483,cavitylab.native_fdtd1d_batch,128,1.0901552528878937e-12,float64,1.9949841127848455e-08,-3.3210889321022536e-14,0.0,1.760921976654088e-13,-2.0930308698643248e-13,-1.1422705907600251e-27,7.825513342412094e-15,-2.5584595389422324e-16,-0.00501607654282862,-0.00501607721190983,PASS
EXP0005-04-28,246356522030bdd8,cavity_1d_pec,0.1,1.0,100.0,1.9000000000000001,0.08,0.7853981633974483,cavitylab.native_fdtd1d_batch,128,1.0901552528878937e-12,float64,1.9949841127848455e-08,-2.386737075886814e-14,0.0,1.6599808680078344e-13,-1.898654575596484e-13,3.1743762826093515e-27,1.4787521764282162e-14,-8.742646590826677e-16,-0.005016077570126188,-0.005016077211907468,PASS
EXP0005-04-29,e77d39f657cf2c5d,cavity_1d_pec,0.1,1.0,100.0,1.9500000000000002,0.08,0.7853981633974483,cavitylab.native_fdtd1d_batch,128,1.0901552528878937e-12,float64,1.9949841127848455e-08,-3.521869272446734e-14,0.0,1.6791496503039633e-13,-2.0313365775486252e-13,1.1548923652435613e-27,1.0092213758834906e-14,-3.1031130474937766e-15,-0.005016077171287552,-0.005016077211904795,PASS
EXP0005-04-30,9004d5e38a8d3bb5,cavity_1d_pec,0.1,1.0,100.0,2.0,0.08,0.7853981633974483,cavitylab.native_fdtd1d_batch,128,1.0901552528878937e-12,float64,1.9949841127848455e-08,1.2174107485195622e-11,0.0,3.1273210467907374e-12,9.046786438404849e-12,-3.554291694563791e-26,2.904090200544581e-15,6.39610554072456e-15,0.014999608024038906,0.014997359082722449,PASS
EXP0005-04-31,8c9818a6d956a415,cavity_1d_pec,0.1,1.0,100.0,2.05,0.08,0.7853981633974483,cavitylab.native_fdtd1d_batch,128,1.0901552528878937e-12,float64,1.9949841127848455e-08,1.1279529764356196e-12,0.0,1.0786789296180922e-12,4.927404681751778e-14,-9.693522803355793e-27,1.1512641151009998e-14,4.1724592535216784e-14,-0.005016076662543867,-0.0050160772119035215,PASS
EXP0005-04-32,ce0b8ea94fd27b17,cavity_1d_pec,0.1,1.0,100.0,2.1,0.08,0.7853981633974483,cavitylab.native_fdtd1d_batch,128,1.0901552528878937e-12,float64,1.9949841127848455e-08,1.7591370091267326e-13,0.0,3.2633930745381144e-13,-1.5042560654114055e-13,-2.3728936029048035e-27,9.150190525454195e-15,7.341146748053603e-15,-0.005016077625179318,-0.0050160772119026194,PASS
EXP0005-04-33,d076de5016f2df71,cavity_1d_pec,0.1,1.0,100.0,2.1500000000000004,0.08,0.7853981633974483,cavitylab.native_fdtd1d_batch,128,1.0901552528878937e-12,float64,1.9949841127848455e-08,7.49219089382393e-14,0.0,2.7030460299958717e-13,-1.9538269406134935e-13,-1.4767476145737341e-27,5.113797937521193e-15,4.736480010271818e-15,-0.005016077541950889,-0.005016077211905769,PASS
EXP0005-04-34,2d31458271a0d403,cavity_1d_pec,0.1,1.0,100.0,2.2,0.08,0.7853981633974483,cavitylab.native_fdtd1d_batch,128,1.0901552528878937e-12,float64,1.9949841127848455e-08,6.907451099449851e-14,0.0,2.5203126960786704e-13,-1.8295675861336907e-13,-5.427363027920561e-28,6.2992179781198575e-15,4.0839746651419665e-15,-0.005016077828630332,-0.005016077211903897,PASS
EXP0005-04-35,fb0fab15b05af6e8,cavity_1d_pec,0.1,1.0,100.0,2.25,0.08,0.7853981633974483,cavitylab.native_fdtd1d_batch,128,1.0901552528878937e-12,float64,1.9949841127848455e-08,4.578572775390617e-14,0.0,2.4079434964553697e-13,-1.950086218916322e-13,-1.401016967672517e-27,5.0609993108148295e-15,3.5173742880033724e-15,-0.005016077541945334,-0.005016077211904292,PASS
EXP0005-04-36,89c70e59ba44ad19,cavity_1d_pec,0.1,1.0,100.0,2.3,0.08,0.7853981633974483,cavitylab.native_fdtd1d_batch,128,1.0901552528878937e-12,float64,1.9949841127848455e-08,4.682291898924706e-14,0.0,2.3528795127144327e-13,-1.8846503228219444e-13,1.7733593149368345e-27,8.543038628087433e-15,3.4337033519742427e-15,-0.005016076778489378,-0.00501607721190426,PASS
EXP0005-04-37,10066b46753d4770,cavity_1d_pec,0.1,1.0,100.0,2.35,0.08,0.7853981633974483,cavitylab.native_fdtd1d_batch,128,1.0901552528878937e-12,float64,1.9949841127848455e-08,3.4889689840710955e-14,0.0,2.305382139919131e-13,-1.9564852415120176e-13,3.9127500898962186e-28,9.949800807874082e-15,3.199749410267166e-15,-0.00501607762516146,-0.005016077211904944,PASS
EXP0005-04-38,2e28f3725129e111,cavity_1d_pec,0.1,1.0,100.0,2.4000000000000004,0.08,0.7853981633974483,cavitylab.native_fdtd1d_batch,128,1.0901552528878937e-12,float64,1.9949841127848455e-08,3.7588372526673104e-14,0.0,2.279702614378519e-13,-1.9038188891117817e-13,6.373996114185775e-28,7.653207545156895e-15,3.2371212049176404e-15,-0.005016077625157757,-0.005016077211903302,PASS
EXP0005-04-39,b79c1f5ee065a9c3,cavity_1d_pec,0.1,1.0,100.0,2.45,0.08,0.7853981633974483,cavitylab.native_fdtd1d_batch,128,1.0901552528878937e-12,float64,1.9949841127848455e-08,2.911455082111288e-14,0.0,2.2533901090534003e-13,-1.9622446008422641e-13,7.3837380728686705e-28,3.450634008673558e-15,3.1235474414566842e-15,-0.005016077425097938,-0.005016077211895527,PASS
EXP0005-04-40,2f5dd2125f326fbb,cavity_1d_pec,0.1,1.0,100.0,2.5,0.08,0.7853981633974483,cavitylab.native_fdtd1d_batch,128,1.0901552528878937e-12,float64,1.9949841127848455e-08,3.262452569947005e-14,0.0,2.2388329749580477e-13,-1.9125877179633114e-13,3.5782730660825095e-27,1.3469417559355967e-14,3.20395976419098e-15,-0.005016077678530638,-0.005016077211895718,PASS
EXP0005-04-41,85c16b754b8e6292,cavity_1d_pec,0.1,1.0,100.0,2.5500000000000003,0.08,0.7853981633974483,cavitylab.native_fdtd1d_batch,128,1.0901552528878937e-12,float64,1.9949841127848455e-08,2.5518296467438152e-14,0.0,2.222041582670422e-13,-1.9668586179960423e-13,-1.9563750449481093e-28,5.399296932779938e-15,3.1502011131394246e-15,-0.00501607770458636,-0.005016077211896717,PASS
EXP0005-04-42,7585c3b6b0a69de8,cavity_1d_pec,0.1,1.0,100.0,2.6,0.08,0.7853981633974483,cavitylab.native_fdtd1d_batch,128,1.0901552528878937e-12,float64,1.9949841127848455e-08,2.956558978135394e-14,0.0,2.2128128753216354e-13,-1.9171569775080944e-13,1.6408306828597046e-28,4.500088933466367e-15,3.2505608883092032e-15,-0.005016076701650463,-0.005016077211891161,PASS
EXP0005-05-00,a655d38f0c98e845,cavity_1d_pec,0.1,1.0,100.0,0.5,0.1,0.7853981633974483,cavitylab.native_fdtd1d_batch,128,1.0901552528878937e-12,float64,1.9949841127848455e-08,7.829295698351564e-15,0.0,2.0832395815584645e-13,-2.004946624574928e-13,2.0904813988356813e-27,1.0481147303928125e-14,1.3446378207283885e-16,-0.005025188851427566,-0.005025189076297512,PASS
EXP0005-05-01,2c0a46dacd922658,cavity_1d_pec,0.1,1.0,100.0,0.55,0.1,0.7853981633974483,cavitylab.native_fdtd1d_batch,128,1.0901552528878937e-12,float64,1.9949841127848455e-08,8.655382451039982e-15,0.0,2.0798381189473547e-13,-1.9932842944369563e-13,-1.4199496293978212e-28,7.406589764434779e-15,1.6322247506537514e-16,-0.005025189062182926,-0.005025189076297924,PASS
EXP0005-05-02,2ab8cbdd12cf8521,cavity_1d_pec,0.1,1.0,100.0,0.6,0.1,0.7853981633974483,cavitylab.native_fdtd1d_batch,128,1.0901552528878937e-12,float64,1.9949841127848455e-08,7.731189549658511e-15,0.0,2.0809526816229195e-13,-2.0036407861262996e-13,3.475721148403778e-27,1.4423869725102445e-14,1.7996010767354807e-16,-0.0050251891644159585,-0.00502518907629847,PASS
EXP0005-05-03,bbfefe7dee68cb89,cavity_1d_pec,0.1,1.0,100.0,0.65,0.1,0.7853981633974483,cavitylab.native_fdtd1d_batch,128,1.0901552528878937e-12,float64,1.9949841127848455e-08,8.163020455630241e-15,0.0,2.0775559074867809e-13,-1.9959257029304755e-13,2.9187853493177437e-28,4.5582551294717055e-15,2.1402041514931658e-16,-0.005025189010280489,-0.005025189076298456,PASS
EXP0005-05-04,d35a9d08229a0ff0,cavity_1d_pec,0.1,1.0,100.0,0.7,0.1,0.7853981633974483,cavitylab.native_fdtd1d_batch,128,1.0901552528878937e-12,float64,1.9949841127848455e-08,7.558223519552008e-15,0.0,2.077890368948231e-13,-2.0023081337527011e-13,9.655657479905184e-28,5.509906446607329e-15,2.3185571244738393e-16,-0.005025189062183078,-0.005025189076298893,PASS
EXP0005-05-05,4c391b3a01db0b8d,cavity_1d_pec,0.1,1.0,100.0,0.75,0.1,0.7853981633974483,cavitylab.native_fdtd1d_batch,128,1.0901552528878937e-12,float64,1.9949841127848455e-08,7.560019941641089e-15,0.0,2.0743590495015323e-13,-1.9987588500851168e-13,4.622724904595129e-28,8.549705091417834e-15,2.710514233527315e-16,-0.005025188851430288,-0.005025189076299383,PASS
EXP0005-05-06,15e17e501aa348f6,cavity_1d_pec,0.1,1.0,100.0,0.8,0.1,0.7853981633974483,cavitylab.native_fdtd1d_batch,128,1.0901552528878937e-12,float64,1.9949841127848455e-08,7.310652822671782e-15,0.0,2.0740783550319805e-13,-2.0009718268052338e-13,2.8872309131089032e-27,1.1793837275974947e-14,2.8935573873502644e-16,-0.005025188957854996,-0.005025189076298643,PASS
EXP0005-05-07,c65f88e64027c7e0,cavity_1d_pec,0.1,1.0,100.0,0.8500000000000001,0.1,0.7853981633974483,cavitylab.native_fdtd1d_batch,128,1.0901552528878937e-12,float64,1.9949841127848455e-08,6.852497146886094e-15,0.0,2.0702797965324167e-13,-2.001754825063566e-13,-1.0121085413985581e-27,5.439326700319926e-15,3.3346880186630655e-16,-0.005025189062183252,-0.005025189076299035,PASS
EXP0005-05-08,5d86caeb80eb2c04,cavity_1d_pec,0.1,1.0,100.0,0.9,0.1,0.7853981633974483,cavitylab.native_fdtd1d_batch,128,1.0901552528878937e-12,float64,1.9949841127848455e-08,6.963301572689149e-15,0.0,2.0692704755032284e-13,-1.9996374597763104e-13,2.6466283370164946e-27,1.0826021818196665e-14,3.5123136209280986e-16,-0.005025189164414494,-0.005025189076299944,PASS
EXP0005-05-09,22210f7ef78bd6d3,cavity_1d_pec,0.1,1.0,100.0,0.95,0.1,0.7853981633974483,cavitylab.native_fdtd1d_batch,128,1.0901552528878937e-12,float64,1.9949841127848455e-08,6.008188178975389e-15,0.0,2.0650837755573858e-13,-2.005001893767645e-13,-1.3126645462877636e-27,6.804206965944211e-15,3.9989653573169204e-16,-0.005025188687870094,-0.005025189076298503,PASS
EXP0005-05-10,29807281027d2719,cavity_1d_pec,0.1,1.0,100.0,1.0,0.1,0.7853981633974483,cavitylab.native_fdtd1d_batch,128,1.0901552528878937e-12,float64,1.9949841127848455e-08,6.493912912607419e-15,0.0,2.06325405124559e-13,-1.998314922119497e-13,1.864867179942472e-27,8.61608468244452e-15,4.158116646583006e-16,-0.005025189362584057,-0.005025189076295088,PASS
EXP0005-05-11,a6a48fa754da8ecf,cavity_1d_pec,0.1,1.0,100.0,1.05,0.1,0.7853981633974483,cavitylab.native_fdtd1d_batch,128,1.0901552528878937e-12,float64,1.9949841127848455e-08,4.992858110766437e-15,0.0,2.0585067519678075e-13,-2.0085781708601454e-13,-2.279808016088724e-28,6.378137337596293e-15,4.684312490802018e-16,-0.005025188687872963,-0.005025189076300097,PASS
EXP0005-05-12,2bc20fd9299c160f,cavity_1d_pec,0.1,1.0,100.0,1.1,0.1,0.7853981633974483,cavitylab.native_fdtd1d_batch,128,1.0901552528878937e-12,float64,1.9949841127848455e-08,5.868327904924095e-15,0.0,2.0557092855834584e-13,-1.9970260065342203e-13,-2.8477878678478526e-28,4.382313263489557e-15,4.806809199066261e-16,-0.0050251890621835675,-0.005025189076330003,PASS
EXP0005-05-13,6321c708bc96514d,cavity_1d_pec,0.1,1.0,100.0,1.15,0.1,0.7853981633974483,cavitylab.native_fdtd1d_batch,128,1.0901552528878937e-12,float64,1.9949841127848455e-08,3.754241876865432e-15,0.0,2.050146006643048e-13,-2.0126035878743986e-13,-4.946157875735744e-28,4.530530965803952e-15,5.362813670297173e-16,-0.005025189598490557,-0.005025189076314417,PASS
EXP0005-05-14,876f840f6f6ff9a1,cavity_1d_pec,0.1,1.0,100.0,1.2000000000000002,0.1,0.7853981633974483,cavitylab.native_fdtd1d_batch,128,1.0901552528878937e-12,float64,1.9949841127848455e-08,5.037152943518759e-15,0.0,2.0461284300665902e-13,-1.99575690063141e-13,-7.470512772442982e-28,5.398038663555148e-15,5.422474317824976e-16,-0.0050251885196046795,-0.005025189076323965,PASS
EXP0005-05-15,f2a7b74a61161a8d,cavity_1d_pec,0.1,1.0,100.0,1.25,0.1,0.7853981633974483,cavitylab.native_fdtd1d_batch,128,1.0901552528878937e-12,float64,1.9949841127848455e-08,2.211544370613807e-15,0.0,2.039389554532901e-13,-2.017274110826744e-13,1.903915794750912e-27,1.0706479443101442e-14,5.992136158486712e-16,-0.005025188576221474,-0.0050251890763068135,PASS
EXP0005-05-16,2f20dba8b3cd854e,cavity_1d_pec,0.1,1.0,100.0,1.3,0.1,0.7853981633974483,cavitylab.native_fdtd1d_batch,128,1.0901552528878937e-12,float64,1.9949841127848455e-08,3.927109148277569e-15,0.0,2.0337563475094795e-13,-1.994485256026707e-13,-3.210663884249518e-28,5.631573619658403e-15,5.949782099341226e-16,-0.005025189644090611,-0.005025189076304225,PASS
EXP0005-05-17,9f6d1d6f64afe8c1,cavity_1d_pec,0.1,1.0,100.0,1.35,0.1,0.7853981633974483,cavitylab.native_fdtd1d_batch,128,1.0901552528878937e-12,float64,1.9949841127848455e-08,2.3480247584406893e-16,0.0,2.025272527566437e-13,-2.022924502808007e-13,-1.0541646884081533e-27,5.162781174942067e-15,6.505130185610008e-16,-0.005025189164411308,-0.005025189076308054,PASS
EXP0005-05-18,7ae790af3e19cc1f,cavity_1d_pec,0.1,1.0,100.0,1.4,0.1,0.7853981633974483,cavitylab.native_fdtd1d_batch,128,1.0901552528878937e-12,float64,1.9949841127848455e-08,2.425607023440799e-15,0.0,2.0173745908788243e-13,-1.9931185206444136e-13,2.6979042958558604e-28,4.910388724944758e-15,6.29906056789893e-16,-0.005025189733724417,-0.005025189076301332,PASS
EXP0005-05-19,f2f1d684bade42cb,cavity_1d_pec,0.1,1.0,100.0,1.4500000000000002,0.1,0.7853981633974483,cavitylab.native_fdtd1d_batch,128,1.0901552528878937e-12,float64,1.9949841127848455e-08,-2.39722740601076e-15,0.0,2.0061963301387942e-13,-2.030168604198905e-13,-3.1751651435145725e-28,6.10865338583621e-15,6.788785168632894e-16,-0.005025188404820778,-0.005025189076302577,PASS
EXP0005-05-20,3f8b174ed9188d01,cavity_1d_pec,0.1,1.0,100.0,1.5,0.1,0.7853981633974483,cavitylab.native_fdtd1d_batch,128,1.0901552528878937e-12,float64,1.9949841127848455e-08,3.5186479762288026e-16,0.0,1.99490733314883e-13,-1.9913886851725748e-13,2.6469241598559525e-27,1.3014485622459925e-14,6.315213806912618e-16,-0.005025188851444464,-0.0050251890763029616,PASS
EXP0005-05-21,a93435ff1258d413,cavity_1d_pec,0.1,1.0,100.0,1.55,0.1,0.7853981633974483,cavitylab.native_fdtd1d_batch,128,1.0901552528878937e-12,float64,1.9949841127848455e-08,-6.0913397361610385e-15,0.0,1.9793241931815436e-13,-2.0402375905431456e-13,8.432923076812616e-28,5.0123244339442045e-15,6.637084215980975e-16,-0.00502518973371323,-0.005025189076304684,PASS
EXP0005-05-22,3d5f3565effde5e2,cavity_1d_pec,0.1,1.0,100.0,1.6,0.1,0.7853981633974483,cavitylab.native_fdtd1d_batch,128,1.0901552528878937e-12,float64,1.9949841127848455e-08,-2.599400578112299e-15,0.0,1.9625228271082517e-13,-1.9885168328893656e-13,9.07584471456774e-28,1.0038795047912822e-14,5.70535210791157e-16,-0.005025188957863675,-0.0050251890763051065,PASS
EXP0005-05-23,9bed310fc9e8b039,cavity_1d_pec,0.1,1.0,100.0,1.6500000000000001,0.1,0.7853981633974483,cavitylab.native_fdtd1d_batch,128,1.0901552528878937e-12,float64,1.9949841127848455e-08,-1.1678286303085339e-14,0.0,1.9391375009168626e-13,-2.05592036394772e-13,-3.9758589623138995e-28,3.734591526445022e-15,5.629432185546994e-16,-0.0050251895984627796,-0.005025189076305714,PASS
EXP0005-05-24,a1c9998c1dc2391d,cavity_1d_pec,0.1,1.0,100.0,1.7000000000000002,0.1,0.7853981633974483,cavitylab.native_fdtd1d_batch,128,1.0901552528878937e-12,float64,1.9949841127848455e-08,-6.9690383378421984e-15,0.0,1.9123303393183127e-13,-1.9820207226967263e-13,8.369814204394935e-28,9.705943753220754e-15,3.8432141295213094e-16,-0.005025189062184709,-0.005025189076300838,PASS
EXP0005-05-25,e18fe4ee1654548e,cavity_1d_pec,0.1,1.0,100.0,1.75,0.1,0.7853981633974483,cavitylab.native_fdtd1d_batch,128,1.0901552528878937e-12,float64,1.9949841127848455e-08,-2.1112215636427618e-14,0.0,1.8735246493497863e-13,-2.0846468057140527e-13,9.844984097158227e-28,7.968459994928149e-15,2.742824262757172e-16,-0.005025188287956554,-0.005025189076293072,PASS
EXP0005-05-26,c4fcd13578378cbf,cavity_1d_pec,0.1,1.0,100.0,1.8,0.1,0.7853981633974483,cavitylab.native_fdtd1d_batch,128,1.0901552528878937e-12,float64,1.9949841127848455e-08,-1.3724715147353486e-14,0.0,1.825415239132343e-13,-1.962662390605851e-13,2.667927581457462e-27,1.38466138591901e-14,-8.918364029011438e-17,-0.005025189164406956,-0.005025189076296042,PASS
EXP0005-05-27,62d801f799f286b8,cavity_1d_pec,0.1,1.0,100.0,1.85,0.1,0.7853981633974483,cavitylab.native_fdtd1d_batch,128,1.0901552528878937e-12,float64,1.9949841127848455e-08,-3.951317569678323e-14,0.0,1.7533250732491404e-13,-2.1484568302169743e-13,-1.5146129380243427e-28,5.858182786580427e-15,-5.466709167496293e-16,-0.005025188047916955,-0.005025189076295404,PASS
EXP0005-05-28,0a4bcfc6fe92d4f7,cavity_1d_pec,0.1,1.0,100.0,1.9000000000000001,0.1,0.7853981633974483,cavitylab.native_fdtd1d_batch,128,1.0901552528878937e-12,float64,1.9949841127848455e-08,-2.5695203302904184e-14,0.0,1.6512341228480413e-13,-1.9081861558770644e-13,1.874333510805124e-27,9.639373494282339e-15,-1.4639650642268967e-15,-0.00502518964404927,-0.005025189076294801,PASS
EXP0005-05-29,f091c552e0b04497,cavity_1d_pec,0.1,1.0,100.0,1.9500000000000002,0.1,0.7853981633974483,cavitylab.native_fdtd1d_batch,128,1.0901552528878937e-12,float64,1.9949841127848455e-08,1.2820845683742052e-13,0.0,2.179824590315745e-13,-8.977400219415422e-14,-2.524354896707238e-28,4.673837803674605e-15,-6.407267566492793e-15,-0.005025189010289238,-0.005025189076294974,PASS
EXP0005-05-30,7199ff800eedd279,cavity_1d_pec,0.1,1.0,100.0,2.0,0.1,0.7853981633974483,cavitylab.native_fdtd1d_batch,128,1.0901552528878937e-12,float64,1.9949841127848455e-08,7.6110267362814e-11,0.0,1.531344289820232e-11,6.079682446461171e-11,3.877409121342317e-26,1.6866261715645447e-15,8.649472034827376e-14,0.020003052338001814,0.020000214781962553,PASS
EXP0005-05-31,d65b3718e2bab68c,cavity_1d_pec,0.1,1.0,100.0,2.05,0.1,0.7853981633974483,cavitylab.native_fdtd1d_batch,128,1.0901552528878937e-12,float64,1.9949841127848455e-08,1.3083557337020449e-11,0.0,5.373867017362492e-12,7.709690319657996e-12,3.877409121342317e-26,3.731461986707874e-15,2.8086126462214196e-13,0.005888357386567937,0.0058664686012635065,PASS
EXP0005-05-32,049d676346a4a2f1,cavity_1d_pec,0.1,1.0,100.0,2.1,0.1,0.7853981633974483,cavitylab.native_fdtd1d_batch,128,1.0901552528878937e-12,float64,1.9949841127848455e-08,2.703032172980856e-13,0.0,4.075006499423949e-13,-1.3719743264430664e-13,2.6253290925755273e-27,7.315281459657421e-15,1.4453573403232737e-14,-0.0050251897336629015,-0.005025189076297414,PASS
EXP0005-05-33,d4710ffd0a959aa1,cavity_1d_pec,0.1,1.0,100.0,2.1500000000000004,0.1,0.7853981633974483,cavitylab.native_fdtd1d_batch,128,1.0901552528878937e-12,float64,1.9949841127848455e-08,1.0594515943207956e-13,0.0,3.089491933936307e-13,-2.0300403396155065e-13,4.922492048579114e-28,4.4686284384994056e-15,8.906345931991038e-15,-0.005025189598425489,-0.005025189076297244,PASS
EXP0005-05-34,0e3254a8623d87a5,cavity_1d_pec,0.1,1.0,100.0,2.2,0.1,0.7853981633974483,cavitylab.native_fdtd1d_batch,128,1.0901552528878937e-12,float64,1.9949841127848455e-08,1.0293543089529846e-13,0.0,2.7683860218749434e-13,-1.7390317129219296e-13,2.9156299056968596e-27,1.2030134206527306e-14,7.057124142392016e-15,-0.005025190071170578,-0.005025189076293066,PASS
EXP0005-05-35,1762c76a792b3331,cavity_1d_pec,0.1,1.0,100.0,2.25,0.1,0.7853981633974483,cavitylab.native_fdtd1d_batch,128,1.0901552528878937e-12,float64,1.9949841127848455e-08,5.91995326802333e-14,0.0,2.6040954621973254e-13,-2.0121001353950114e-13,-1.9058879470139645e-27,5.577010231768088e-15,6.1311703643481056e-15,-0.0050251895984169195,-0.005025189076293482,PASS
EXP0005-05-36,46b44b62d89af291,cavity_1d_pec,0.1,1.0,100.0,2.3,0.1,0.7853981633974483,cavitylab.native_fdtd1d_batch,128,1.0901552528878937e-12,float64,1.9949841127848455e-08,6.753178657087366e-14,0.0,2.5171505684960844e-13,-1.8418327027873445e-13,3.281661365719409e-28,3.755431344953927e-15,5.774551949553668e-15,-0.005025188404895342,-0.0050251890762944736,PASS
EXP0005-05-37,c5a3c2f7625979b1,cavity_1d_pec,0.1,1.0,100.0,2.35,0.1,0.7853981633974483,cavitylab.native_fdtd1d_batch,128,1.0901552528878937e-12,float64,1.9949841127848455e-08,4.4441574029027385e-14,0.0,2.450568369443006e-13,-2.006152629152722e-13,9.97120184199359e-28,5.0484074442347655e-15,5.430229133310455e-15,-0.005025189733635192,-0.005025189076293603,PASS
EXP0005-05-38,697ad1d2c6563eaa,cavity_1d_pec,0.1,1.0,100.0,2.4000000000000004,0.1,0.7853981633974483,cavitylab.native_fdtd1d_batch,128,1.0901552528878937e-12,float64,1.9949841127848455e-08,5.310266059605701e-14,0.0,2.4115844078883787e-13,-1.8805578019278058e-13,2.7767903863779616e-28,6.1017430737401425e-15,5.374875218248018e-15,-0.005025189733629245,-0.005025189076290067,PASS
EXP0005-05-39,d4cb081644a81417,cavity_1d_pec,0.1,1.0,100.0,2.45,0.1,0.7853981633974483,cavitylab.native_fdtd1d_batch,128,1.0901552528878937e-12,float64,1.9949841127848455e-08,3.695260889274632e-14,0.0,2.3754703934507103e-13,-2.005944304523207e-13,4.001102511280972e-27,1.429621243863481e-14,5.2285914550607e-15,-0.0050251894107540395,-0.005025189076290767,PASS
EXP0005-05-40,8a38cb3116839da8,cavity_1d_pec,0.1,1.0,100.0,2.5,0.1,0.7853981633974483,cavitylab.native_fdtd1d_batch,128,1.0901552528878937e-12,float64,1.9949841127848455e-08,4.545715663536349e-14,0.0,2.3537748052563037e-13,-1.8992032389026645e-13,4.291403324402304e-28,4.296567747419612e-15,5.280011073508478e-15,-0.005025189821141857,-0.00502518907629596,PASS
EXP0005-05-41,c2e9c0260a8cf115,cavity_1d_pec,0.1,1.0,100.0,2.5500000000000003,0.1,0.7853981633974483,cavitylab.native_fdtd1d_batch,128,1.0901552528878937e-12,float64,1.9949841127848455e-08,3.2370463958613426e-14,0.0,2.3310410243690027e-13,-2.0073363847828769e-13,-8.456588903969247e-28,5.201139187292284e-15,5.22927329231956e-15,-0.005025189864109239,-0.00502518907629064,PASS
EXP0005-05-42,3c29996d6078ed10,cavity_1d_pec,0.1,1.0,100.0,2.6,0.1,0.7853981633974483,cavitylab.native_fdtd1d_batch,128,1.0901552528878937e-12,float64,1.9949841127848455e-08,4.0791702180187826e-14,0.0,2.317409582519489e-13,-1.909492560717607e-13,3.7865323450608567e-28,4.835118686339215e-15,5.330485329540606e-15,-0.005025188288056736,-0.005025189076291426,PASS
EXP0005-06-00,0e8abe52804a4b5f,cavity_1d_pec,0.1,1.0,100.0,0.5,0.12,0.7853981633974483,cavitylab.native_fdtd1d_batch,128,1.0901552528878937e-12,float64,1.9949841127848455e-08,9.570639198325814e-15,0.0,2.1295673424989753e-13,-2.0338609505157293e-13,-1.2132680722299162e-27,5.8775603310584485e-15,1.8325896445610716e-16,-0.005036393199533447,-0.0050363935251603745,PASS
EXP0005-06-01,e129338e8233cfbe,cavity_1d_pec,0.1,1.0,100.0,0.55,0.12,0.7853981633974483,cavitylab.native_fdtd1d_batch,128,1.0901552528878937e-12,float64,1.9949841127848455e-08,1.082744512196943e-14,0.0,2.1253428173355038e-13,-2.017068366115801e-13,8.503920558282507e-28,6.0841501169919314e-15,2.2498292914257784e-16,-0.00503639350282325,-0.005036393525161256,PASS
EXP0005-06-02,7938feda0acd9f37,cavity_1d_pec,0.1,1.0,100.0,0.6,0.12,0.7853981633974483,cavitylab.native_fdtd1d_batch,128,1.0901552528878937e-12,float64,1.9949841127848455e-08,9.407959823531802e-15,0.0,2.1267270709918487e-13,-2.0326474727565566e-13,-2.5906192127458028e-27,1.3342684647655128e-14,2.488991724714317e-16,-0.005036393650694943,-0.005036393525161308,PASS
EXP0005-06-03,021b84d19c1ee65e,cavity_1d_pec,0.1,1.0,100.0,0.65,0.12,0.7853981633974483,cavitylab.native_fdtd1d_batch,128,1.0901552528878937e-12,float64,1.9949841127848455e-08,1.0258395702098063e-14,0.0,2.122525367643743e-13,-2.019941410622758e-13,4.528061595968608e-28,6.66884105647256e-15,2.983466063566826e-16,-0.005036393427944545,-0.005036393525161693,PASS
EXP0005-06-04,fbf0eacb31cbba6c,cavity_1d_pec,0.1,1.0,100.0,0.7,0.12,0.7853981633974483,cavitylab.native_fdtd1d_batch,128,1.0901552528878937e-12,float64,1.9949841127848455e-08,9.147823457969753e-15,0.0,2.1229023799169358e-13,-2.0314241453372285e-13,9.702989134218445e-28,7.164083705351569e-15,3.2377973291086514e-16,-0.005036393502823511,-0.005036393525161773,PASS
EXP0005-06-05,7ab97441dcf3061d,cavity_1d_pec,0.1,1.0,100.0,0.75,0.12,0.7853981633974483,cavitylab.native_fdtd1d_batch,128,1.0901552528878937e-12,float64,1.9949841127848455e-08,9.551144255230222e-15,0.0,2.1185382338166156e-13,-2.0230267912643099e-13,3.5025424191812924e-28,5.073916928763646e-15,3.8063203277663623e-16,-0.005036393199537315,-0.005036393525162191,PASS
EXP0005-06-06,1bcc597113f3da9d,cavity_1d_pec,0.1,1.0,100.0,0.8,0.12,0.7853981633974483,cavitylab.native_fdtd1d_batch,128,1.0901552528878937e-12,float64,1.9949841127848455e-08,8.796502081933532e-15,0.0,2.1181930715637243e-13,-2.0302280507443832e-13,5.742907390008966e-28,4.6758602939135715e-15,4.0670604184414043e-16,-0.00503639335243831,-0.005036393525161096,PASS
EXP0005-06-07,7227a4acd364658e,cavity_1d_pec,0.1,1.0,100.0,0.8500000000000001,0.12,0.7853981633974483,cavitylab.native_fdtd1d_batch,128,1.0901552528878937e-12,float64,1.9949841127848455e-08,8.724101097904536e-15,0.0,2.1134894363726387e-13,-2.026248425393596e-13,-2.5874637691249187e-28,4.313237170337442e-15,4.705425246685107e-16,-0.005036393502823757,-0.005036393525162313,PASS
EXP0005-06-08,7dfa92eadd67a78a,cavity_1d_pec,0.1,1.0,100.0,0.9,0.12,0.7853981633974483,cavitylab.native_fdtd1d_batch,128,1.0901552528878937e-12,float64,1.9949841127848455e-08,8.318748993574214e-15,0.0,2.1122478375986378e-13,-2.0290603476629076e-13,-1.1959131323150539e-27,8.48521169109769e-15,4.957709678229273e-16,-0.005036393650692888,-0.005036393525162945,PASS
EXP0005-06-09,c19c3fd7634ced80,cavity_1d_pec,0.1,1.0,100.0,0.95,0.12,0.7853981633974483,cavitylab.native_fdtd1d_batch,128,1.0901552528878937e-12,float64,1.9949841127848455e-08,7.733784187614254e-15,0.0,2.1070659358565538e-13,-2.0297280939804228e-13,-1.1596255306748874e-27,5.848755758646938e-15,5.659360888728241e-16,-0.0050363929654799805,-0.00503639352515921,PASS
EXP0005-06-10,9d17df9e2fb4a23f,cavity_1d_pec,0.1,1.0,100.0,1.0,0.12,0.7853981633974483,cavitylab.native_fdtd1d_batch,128,1.0901552528878937e-12,float64,1.9949841127848455e-08,7.688961660797564e-15,0.0,2.1048217509019772e-13,-2.0279321342940174e-13,-1.5808772540629077e-27,7.073072508947011e-15,5.884224403361784e-16,-0.0050363939388794075,-0.005036393525154898,PASS
EXP0005-06-11,a502926162bca01c,cavity_1d_pec,0.1,1.0,100.0,1.05,0.12,0.7853981633974483,cavitylab.native_fdtd1d_batch,128,1.0901552528878937e-12,float64,1.9949841127848455e-08,6.539476297090571e-15,0.0,2.0989528627401814e-13,-2.0335580997692526e-13,2.3058404259610175e-27,1.300103421762527e-14,6.638754155788449e-16,-0.005036392965484076,-0.005036393525167542,PASS
EXP0005-06-12,25fb893515ab1fc9,cavity_1d_pec,0.1,1.0,100.0,1.1,0.12,0.7853981633974483,cavitylab.native_fdtd1d_batch,128,1.0901552528878937e-12,float64,1.9949841127848455e-08,6.866778083452764e-15,0.0,2.0955341191076023e-13,-2.0268663382730742e-13,4.812051521848172e-29,7.834433778889437e-15,6.809777389694943e-16,-0.005036393502824157,-0.005036393525173226,PASS
EXP0005-06-13,3a1732b622955725,cavity_1d_pec,0.1,1.0,100.0,1.15,0.12,0.7853981633974483,cavitylab.native_fdtd1d_batch,128,1.0901552528878937e-12,float64,1.9949841127848455e-08,5.078478494300872e-15,0.0,2.0886684036979455e-13,-2.0378836187549201e-13,1.666863092731998e-27,7.39688271842766e-15,7.6007032790025785e-16,-0.005036394284944125,-0.0050363935251701575,PASS
EXP0005-06-14,810ab13f70ff8a17,cavity_1d_pec,0.1,1.0,100.0,1.2000000000000002,0.12,0.7853981633974483,cavitylab.native_fdtd1d_batch,128,1.0901552528878937e-12,float64,1.9949841127848455e-08,5.794831882422702e-15,0.0,2.0837774554359763e-13,-2.0258291366117712e-13,-2.19855534285096e-27,1.0540329952586611e-14,7.679781942599797e-16,-0.005036392725779568,-0.005036393525169951,PASS
EXP0005-06-15,b7b58e1d0daa4997,cavity_1d_pec,0.1,1.0,100.0,1.25,0.12,0.7853981633974483,cavitylab.native_fdtd1d_batch,128,1.0901552528878937e-12,float64,1.9949841127848455e-08,3.253612843416355e-15,0.0,2.0754859996486364e-13,-2.0429498712144914e-13,-1.8510621141011042e-27,8.575842634841199e-15,8.480463639225232e-16,-0.005036392806314644,-0.005036393525168021,PASS
EXP0005-06-16,63defb74bf801863,cavity_1d_pec,0.1,1.0,100.0,1.3,0.12,0.7853981633974483,cavitylab.native_fdtd1d_batch,128,1.0901552528878937e-12,float64,1.9949841127848455e-08,4.390171253228494e-15,0.0,2.0686601853233808e-13,-2.0247584727911217e-13,-2.5835194645988137e-27,1.0618075400679167e-14,8.410544069937352e-16,-0.005036394352257744,-0.005036393525168099,PASS
EXP0005-06-17,c0e4a15e910489e6,cavity_1d_pec,0.1,1.0,100.0,1.35,0.12,0.7853981633974483,cavitylab.native_fdtd1d_batch,128,1.0901552528878937e-12,float64,1.9949841127848455e-08,9.081938482244626e-16,0.0,2.0582696737913856e-13,-2.0491877353091413e-13,-3.5893171187556037e-29,5.488874728679435e-15,9.175882455539682e-16,-0.005036393650688348,-0.005036393525158714,PASS
EXP0005-06-18,27f82886ecb59ec0,cavity_1d_pec,0.1,1.0,100.0,1.4,0.12,0.7853981633974483,cavitylab.native_fdtd1d_batch,128,1.0901552528878937e-12,float64,1.9949841127848455e-08,2.5300714820643845e-15,0.0,2.0487581016129776e-13,-2.0234573867923268e-13,6.9814190112059545e-28,5.996029599758583e-15,8.867187967198641e-16,-0.0050363944850066724,-0.005036393525160937,PASS
EXP0005-06-19,a247485d45d87710,cavity_1d_pec,0.1,1.0,100.0,1.4500000000000002,0.12,0.7853981633974483,cavitylab.native_fdtd1d_batch,128,1.0901552528878937e-12,float64,1.9949841127848455e-08,-2.225127653585146e-15,0.0,2.0351609783541704e-13,-2.0574122548900287e-13,-6.863089875422803e-28,4.088744241675835e-15,9.51607814078616e-16,-0.0050363925628542664,-0.005036393525161013,PASS
EXP0005-06-20,81f29ad3d65430dc,cavity_1d_pec,0.1,1.0,100.0,1.5,0.12,0.7853981633974483,cavitylab.native_fdtd1d_batch,128,1.0901552528878937e-12,float64,1.9949841127848455e-08,2.872043444953943e-17,0.0,2.0216822622083692e-13,-2.0213950578638524e-13,2.140832911301741e-27,9.793690086917002e-15,8.818210484148631e-16,-0.005036393199557486,-0.005036393525161515,PASS
EXP0005-06-21,84ba8a65962b7a55,cavity_1d_pec,0.1,1.0,100.0,1.55,0.12,0.7853981633974483,cavitylab.native_fdtd1d_batch,128,1.0901552528878937e-12,float64,1.9949841127848455e-08,-6.638515832013344e-15,0.0,2.0029229850798646e-13,-2.0693081434e-13,-2.0273725264180003e-28,2.6133072288859797e-15,9.191611040432848e-16,-0.005036394484990578,-0.005036393525165193,PASS
EXP0005-06-22,7ba71c3a21453119,cavity_1d_pec,0.1,1.0,100.0,1.6,0.12,0.7853981633974483,cavitylab.native_fdtd1d_batch,128,1.0901552528878937e-12,float64,1.9949841127848455e-08,-3.3976762035612624e-15,0.0,1.9831237722609378e-13,-2.0171005342965537e-13,-3.2343297114061484e-28,5.755532719828111e-15,7.831135516542709e-16,-0.005036393352450681,-0.005036393525163279,PASS
EXP0005-06-23,a2d9a18e915d55d4,cavity_1d_pec,0.1,1.0,100.0,1.6500000000000001,0.12,0.7853981633974483,cavitylab.native_fdtd1d_batch,128,1.0901552528878937e-12,float64,1.9949841127848455e-08,-1.3332245615501464e-14,0.0,1.9554510340422928e-13,-2.088773490197312e-13,-4.528061595968608e-28,6.011772190231418e-15,7.574885024287504e-16,-0.005036394284904275,-0.005036393525163058,PASS
EXP0005-06-24,4e36ce4f01ca9679,cavity_1d_pec,0.1,1.0,100.0,1.7000000000000002,0.12,0.7853981633974483,cavitylab.native_fdtd1d_batch,128,1.0901552528878937e-12,float64,1.9949841127848455e-08,-8.161849690944815e-15,0.0,1.924543549308974e-13,-2.0061620462184318e-13,-9.592548607487504e-28,5.847516119460067e-15,4.996228254328861e-16,-0.0050363935028258705,-0.0050363935251635595,PASS
EXP0005-06-25,673f135e3a4b705c,cavity_1d_pec,0.1,1.0,100.0,1.75,0.12,0.7853981633974483,cavitylab.native_fdtd1d_batch,128,1.0901552528878937e-12,float64,1.9949841127848455e-08,-2.457429335744431e-14,0.0,1.8802053186376687e-13,-2.1259482522121128e-13,-9.466330862652142e-29,2.7332210176352676e-15,3.144082362888029e-16,-0.0050363923974363276,-0.0050363935251633496,PASS
EXP0005-06-26,91e7fd31776401d7,cavity_1d_pec,0.1,1.0,100.0,1.8,0.12,0.7853981633974483,cavitylab.native_fdtd1d_batch,128,1.0901552528878937e-12,float64,1.9949841127848455e-08,-1.4776484835986793e-14,0.0,1.8270534119610235e-13,-1.9748182603209156e-13,-2.4202252572180642e-27,1.1458503497009391e-14,-1.9828071378052794e-16,-0.005036393650682111,-0.005036393525164033,PASS
EXP0005-06-27,7385e0141c2fd144,cavity_1d_pec,0.1,1.0,100.0,1.85,0.12,0.7853981633974483,cavitylab.native_fdtd1d_batch,128,1.0901552528878937e-12,float64,1.9949841127848455e-08,-4.4438346227245387e-14,0.0,1.7547194402263764e-13,-2.199102902498833e-13,-2.6505726415425997e-28,4.136580881112621e-15,-9.303961435961867e-16,-0.00503639205902271,-0.005036393525162423,PASS
EXP0005-06-28,de4b384bb97540ad,cavity_1d_pec,0.1,1.0,100.0,1.9000000000000001,0.12,0.7853981633974483,cavitylab.native_fdtd1d_batch,128,1.0901552528878937e-12,float64,1.9949841127848455e-08,-3.0959624888304666e-14,0.0,1.6655640982071368e-13,-1.975160347090185e-13,-1.6408306828597046e-28,3.755741471687867e-15,-2.2378405238094937e-15,-0.0050363943521983135,-0.0050363935251615055,PASS
EXP0005-06-29,88a55ec089595e50,cavity_1d_pec,0.1,1.0,100.0,1.9500000000000002,0.12,0.7853981633974483,cavitylab.native_fdtd1d_batch,128,1.0901552528878937e-12,float64,1.9949841127848455e-08,5.790724177085606e-13,0.0,3.0967580078898954e-13,2.693966169195682e-13,-2.8272774843121063e-27,4.800270986991444e-15,-1.1297064755138993e-14,0.005411161269830104,0.00536327400605957,PASS
EXP0005-06-30,75efcf36ac037fee,cavity_1d_pec,0.1,1.0,100.0,2.0,0.12,0.7853981633974483,cavitylab.native_fdtd1d_batch,128,1.0901552528878937e-12,float64,1.9949841127848455e-08,4.824362885246421e-10,0.0,8.064694350898934e-11,4.017893450156519e-10,-8.271806125530277e-25,2.550767360481344e-15,7.117269899918498e-13,0.025010131486760033,0.025006704875717975,PASS
EXP0005-06-31,555f3a453efd93a4,cavity_1d_pec,0.1,1.0,100.0,2.05,0.12,0.7853981633974483,cavitylab.native_fdtd1d_batch,128,1.0901552528878937e-12,float64,1.9949841127848455e-08,1.557228633104221e-10,0.0,3.879441392980424e-11,1.1692844938061789e-10,2.5849394142282115e-26,2.616958258662208e-15,2.2442149740648314e-12,0.01612356210803981,0.01611325623247531,PASS
EXP0005-06-32,e262de260d4ed467,cavity_1d_pec,0.1,1.0,100.0,2.1,0.12,0.7853981633974483,cavitylab.native_fdtd1d_batch,128,1.0901552528878937e-12,float64,1.9949841127848455e-08,3.652526039653999e-13,0.0,5.644249173218996e-13,-1.9917231335650147e-13,-1.8175355256292112e-27,3.0730614964693607e-15,3.0141193513227015e-14,-0.005036394484918376,-0.005036393525145082,PASS
EXP0005-06-33,dca1e4e51c646342,cavity_1d_pec,0.1,1.0,100.0,2.1500000000000004,0.12,0.7853981633974483,cavitylab.native_fdtd1d_batch,128,1.0901552528878937e-12,float64,1.9949841127848455e-08,1.740836672435483e-13,0.0,3.616418801981884e-13,-1.8755821295464416e-13,-4.064211383698653e-27,8.332629259910203e-15,1.5509406356612658e-14,-0.005036394284850947,-0.005036393525146548,PASS
EXP0005-06-34,458b451ac3d7ea0f,cavity_1d_pec,0.1,1.0,100.0,2.2,0.12,0.7853981633974483,cavitylab.native_fdtd1d_batch,128,1.0901552528878937e-12,float64,1.9949841127848455e-08,1.3622793231562258e-13,0.0,3.067514404240849e-13,-1.7052350810846483e-13,-2.5243548967072378e-27,6.904750318257321e-15,1.127913192907437e-14,-0.0050363949906682744,-0.005036393525153656,PASS
EXP0005-06-35,1707c2f19556e167,cavity_1d_pec,0.1,1.0,100.0,2.25,0.12,0.7853981633974483,cavitylab.native_fdtd1d_batch,128,1.0901552528878937e-12,float64,1.9949841127848455e-08,7.945610853754972e-14,0.0,2.839528109728454e-13,-2.0449670243529588e-13,-2.145701662201152e-28,6.361910647436362e-15,9.870048221340894e-15,-0.005036394284838536,-0.0050363935251562615,PASS
EXP0005-06-36,237ff104395b4f83,cavity_1d_pec,0.1,1.0,100.0,2.3,0.12,0.7853981633974483,cavitylab.native_fdtd1d_batch,128,1.0901552528878937e-12,float64,1.9949841127848455e-08,8.990582456366939e-14,0.0,2.704158513815579e-13,-1.805100268178881e-13,3.9127500898962186e-28,3.153613449777601e-15,8.940806734276897e-15,-0.005036392562960682,-0.005036393525159271,PASS
EXP0005-06-37,7e747623073ff19b,cavity_1d_pec,0.1,1.0,100.0,2.35,0.12,0.7853981633974483,cavitylab.native_fdtd1d_batch,128,1.0901552528878937e-12,float64,1.9949841127848455e-08,5.6721914330022124e-14,0.0,2.616881644152672e-13,-2.0496625008524612e-13,-1.0349855076499675e-27,4.971612921401291e-15,8.499738916835946e-15,-0.005036394484878639,-0.005036393525161068,PASS
EXP0005-06-38,ce67a1baf9f352b1,cavity_1d_pec,0.1,1.0,100.0,2.4000000000000004,0.12,0.7853981633974483,cavitylab.native_fdtd1d_batch,128,1.0901552528878937e-12,float64,1.9949841127848455e-08,7.019499685426876e-14,0.0,2.5583226534427475e-13,-1.856372684900079e-13,-1.9058879470139645e-27,8.595080194965015e-15,8.216635116418397e-15,-0.005036394484870101,-0.0050363935251629905,PASS
EXP0005-06-39,9a02c4489fad42b0,cavity_1d_pec,0.1,1.0,100.0,2.45,0.12,0.7853981633974483,cavitylab.native_fdtd1d_batch,128,1.0901552528878937e-12,float64,1.9949841127848455e-08,4.63847254860781e-14,0.0,2.512118322385422e-13,-2.048271067524631e-13,1.0286746204081994e-27,3.57185778417912e-15,8.069280832281255e-15,-0.005036394009264753,-0.005036393525163731,PASS
EXP0005-06-40,36f09d6d82ed8718,cavity_1d_pec,0.1,1.0,100.0,2.5,0.12,0.7853981633974483,cavitylab.native_fdtd1d_batch,128,1.0901552528878937e-12,float64,1.9949841127848455e-08,5.961492983793324e-14,0.0,2.480058665584425e-13,-1.8839093672050882e-13,4.165185579566942e-28,3.1824263394089663e-15,8.014766436609598e-15,-0.005036394615067931,-0.005036393525158653,PASS
EXP0005-06-41,aec21ec33ae2280d,cavity_1d_pec,0.1,1.0,100.0,2.5500000000000003,0.12,0.7853981633974483,cavitylab.native_fdtd1d_batch,128,1.0901552528878937e-12,float64,1.9949841127848455e-08,4.0379293848618894e-14,0.0,2.451403309212551e-13,-2.047610370726383e-13,-2.069971015299935e-27,9.803556276475242e-15,8.002425049206464e-15,-0.00503639467921947,-0.005036393525153917,PASS
EXP0005-06-42,ddec4307b8e63749,cavity_1d_pec,0.1,1.0,100.0,2.6,0.12,0.7853981633974483,cavitylab.native_fdtd1d_batch,128,1.0901552528878937e-12,float64,1.9949841127848455e-08,5.3126025403673655e-14,0.0,2.431406567449046e-13,-1.9001463134123063e-13,3.281661365719409e-28,2.3456916812984944e-15,8.054898203653672e-15,-0.005036392397579459,-0.005036393525155419,PASS
EXP0005-07-00,411b5689826fb9a7,cavity_1d_pec,0.1,1.0,100.0,0.5,0.14,0.7853981633974483,cavitylab.native_fdtd1d_batch,128,1.0901552528878937e-12,float64,1.9949841127848455e-08,1.1330286798344275e-14,0.0,2.177561433286085e-13,-2.064258565302636e-13,6.310887241768094e-28,4.483814991289608e-15,2.428597592484619e-16,-0.005049731824908442,-0.005049732270294443,PASS
EXP0005-07-01,46ed98aa472cbeae,cavity_1d_pec,0.1,1.0,100.0,0.55,0.14,0.7853981633974483,cavitylab.native_fdtd1d_batch,128,1.0901552528878937e-12,float64,1.9949841127848455e-08,1.3235648013398354e-14,0.0,2.1725419098693875e-13,-2.0401854297353945e-13,9.497885298860982e-28,7.226025712491311e-15,2.9947413707363306e-16,-0.0050497322381707135,-0.005049732270294715,PASS
EXP0005-07-02,383ad214ad26214b,cavity_1d_pec,0.1,1.0,100.0,0.6,0.14,0.7853981633974483,cavitylab.native_fdtd1d_batch,128,1.0901552528878937e-12,float64,1.9949841127848455e-08,1.1071938013648709e-14,0.0,2.174135570924006e-13,-2.0634161907875121e-13,6.68954047627418e-28,7.653598381333396e-15,3.33056300341093e-16,-0.0050497324404000545,-0.0050497322702950775,PASS
EXP0005-07-03,469d13e9081635b2,cavity_1d_pec,0.1,1.0,100.0,0.65,0.14,0.7853981633974483,cavitylab.native_fdtd1d_batch,128,1.0901552528878937e-12,float64,1.9949841127848455e-08,1.2615487229256078e-14,0.0,2.1691546734479062e-13,-2.0429998011553319e-13,1.3521075915488142e-27,8.558388543042343e-15,4.000724634146978e-16,-0.005049732135956101,-0.005049732270295354,PASS
EXP0005-07-04,e9026928ef01b4c2,cavity_1d_pec,0.1,1.0,100.0,0.7,0.14,0.7853981633974483,cavitylab.native_fdtd1d_batch,128,1.0901552528878937e-12,float64,1.9949841127848455e-08,1.06884530725752e-14,0.0,2.1694895558815618e-13,-2.0626050251558017e-13,8.077935669463161e-28,4.349604138929987e-15,4.3591731868749705e-16,-0.005049732238171013,-0.005049732270294888,PASS
EXP0005-07-05,3adbb493e49a891f,cavity_1d_pec,0.1,1.0,100.0,0.75,0.14,0.7853981633974483,cavitylab.native_fdtd1d_batch,128,1.0901552528878937e-12,float64,1.9949841127848455e-08,1.1827472527416328e-14,0.0,2.164310327922469e-13,-2.0460356026483037e-13,2.066815571679051e-28,6.7030853860138226e-15,5.128030137032265e-16,-0.0050497318249136496,-0.005049732270295809,PASS
EXP0005-07-06,eec9866eb6a8d6a0,cavity_1d_pec,0.1,1.0,100.0,0.8,0.14,0.7853981633974483,cavitylab.native_fdtd1d_batch,128,1.0901552528878937e-12,float64,1.9949841127848455e-08,1.0196786408844301e-14,0.0,2.1638410154132725e-13,-2.0618731513247967e-13,3.280083643908967e-27,1.486519719645334e-14,5.497703220336095e-16,-0.005049732033009795,-0.0050497322702948684,PASS
EXP0005-07-07,5ea40010dcbc6a3f,cavity_1d_pec,0.1,1.0,100.0,0.8500000000000001,0.14,0.7853981633974483,cavitylab.native_fdtd1d_batch,128,1.0901552528878937e-12,float64,1.9949841127848455e-08,1.0906836762453434e-14,0.0,2.1582303202310009e-13,-2.0491619526064523e-13,1.4215273512082633e-27,8.719113442379163e-15,6.358151653506229e-16,-0.005049732238171293,-0.005049732270295496,PASS
EXP0005-07-08,21aa63a9a7ff0f3a,cavity_1d_pec,0.1,1.0,100.0,0.9,0.14,0.7853981633974483,cavitylab.native_fdtd1d_batch,128,1.0901552528878937e-12,float64,1.9949841127848455e-08,9.547993285316157e-15,0.0,2.156697540005537e-13,-2.0612176071523769e-13,-1.404172411293401e-28,3.4434838190275883e-15,6.718304499107171e-16,-0.005049732440397267,-0.005049732270295512,PASS
EXP0005-07-09,213dca030d8a4bad,cavity_1d_pec,0.1,1.0,100.0,0.95,0.14,0.7853981633974483,cavitylab.native_fdtd1d_batch,128,1.0901552528878937e-12,float64,1.9949841127848455e-08,9.796589283513345e-15,0.0,2.1505056410321393e-13,-2.0525397481970086e-13,-2.745235950169121e-28,3.3678289719652662e-15,7.660013082253974e-16,-0.005049731507281683,-0.00504973227029178,PASS
EXP0005-07-10,fca74437ea7b53c9,cavity_1d_pec,0.1,1.0,100.0,1.0,0.14,0.7853981633974483,cavitylab.native_fdtd1d_batch,128,1.0901552528878937e-12,float64,1.9949841127848455e-08,8.714185467952162e-15,0.0,2.1477901835086772e-13,-2.0606483288291518e-13,3.7234234726431757e-28,8.115702949794992e-15,7.984412213397195e-16,-0.005049732836038575,-0.005049732270293247,PASS
EXP0005-07-11,2c116169c714a658,cavity_1d_pec,0.1,1.0,100.0,1.05,0.14,0.7853981633974483,cavitylab.native_fdtd1d_batch,128,1.0901552528878937e-12,float64,1.9949841127848455e-08,8.449454786633995e-15,0.0,2.1407722772685983e-13,-2.0562777294022658e-13,-7.431069727181931e-28,3.740449583272461e-15,8.991358752524858e-16,-0.005049731507287182,-0.005049732270299205,PASS
EXP0005-07-12,e4e8b7d0275b2124,cavity_1d_pec,0.1,1.0,100.0,1.1,0.14,0.7853981633974483,cavitylab.native_fdtd1d_batch,128,1.0901552528878937e-12,float64,1.9949841127848455e-08,7.649364254746612e-15,0.0,2.1366772902550188e-13,-2.0601836477075523e-13,3.6287601640166543e-29,5.707154591678706e-15,9.243313670769338e-16,-0.005049732238171944,-0.005049732270300017,PASS
EXP0005-07-13,721c084ab7782334,cavity_1d_pec,0.1,1.0,100.0,1.15,0.14,0.7853981633974483,cavitylab.native_fdtd1d_batch,128,1.0901552528878937e-12,float64,1.9949841127848455e-08,6.7919080624425026e-15,0.0,2.128470041635888e-13,-2.0605509610114626e-13,4.02319061662716e-29,6.5218736675295146e-15,1.0290722123203842e-15,-0.005049733314058097,-0.005049732270300874,PASS
EXP0005-07-14,6866ac237fe020cc,cavity_1d_pec,0.1,1.0,100.0,1.2000000000000002,0.14,0.7853981633974483,cavitylab.native_fdtd1d_batch,128,1.0901552528878937e-12,float64,1.9949841127848455e-08,6.289468920518257e-15,0.0,2.1226536784468204e-13,-2.0597589892416347e-13,3.131777793727417e-28,5.845728782273704e-15,1.041710329782366e-15,-0.005049731183069742,-0.0050497322703003476,PASS
EXP0005-07-15,de9f67aad9815499,cavity_1d_pec,0.1,1.0,100.0,1.25,0.14,0.7853981633974483,cavitylab.native_fdtd1d_batch,128,1.0901552528878937e-12,float64,1.9949841127848455e-08,4.7095244533039996e-15,0.0,2.112760880320055e-13,-2.065665635786998e-13,1.7015729725617225e-27,8.39919832633028e-15,1.1465801685602426e-15,-0.005049731291882113,-0.005049732270297449,PASS
EXP0005-07-16,6f5e731991f2e88a,cavity_1d_pec,0.1,1.0,100.0,1.3,0.14,0.7853981633974483,cavitylab.native_fdtd1d_batch,128,1.0901552528878937e-12,float64,1.9949841127848455e-08,4.54497286110069e-15,0.0,2.1046960913263276e-13,-2.0592463627153064e-13,1.4333602647865785e-27,8.075435033699436e-15,1.1386868586045817e-15,-0.00504973340744393,-0.005049732270295232,PASS
EXP0005-07-17,2c913c0e5012f665,cavity_1d_pec,0.1,1.0,100.0,1.35,0.14,0.7853981633974483,cavitylab.native_fdtd1d_batch,128,1.0901552528878937e-12,float64,1.9949841127848455e-08,2.0168559228014756e-15,0.0,2.0923453928939576e-13,-2.0721768336659317e-13,1.1122938763616266e-27,7.737495981996638e-15,1.2371768703457213e-15,-0.005049732440391119,-0.005049732270294511,PASS
EXP0005-07-18,23f46615ac55f09d,cavity_1d_pec,0.1,1.0,100.0,1.4,0.14,0.7853981633974483,cavitylab.native_fdtd1d_batch,128,1.0901552528878937e-12,float64,1.9949841127848455e-08,2.290574589177471e-15,0.0,2.0811878953908597e-13,-2.058282149499096e-13,-1.0973055191624274e-27,4.7072177375011194e-15,1.196203367955274e-15,-0.0050497335920259455,-0.005049732270295163,PASS
EXP0005-07-19,edef83fe2f2997ce,cavity_1d_pec,0.1,1.0,100.0,1.4500000000000002,0.14,0.7853981633974483,cavitylab.native_fdtd1d_batch,128,1.0901552528878937e-12,float64,1.9949841127848455e-08,-1.6046691530727628e-15,0.0,2.0651252680963875e-13,-2.0811719596271288e-13,-1.3661098726164872e-27,7.631968587611793e-15,1.2767843434412884e-15,-0.00504973096328636,-0.005049732270296183,PASS
EXP0005-07-20,d148f41238378efd,cavity_1d_pec,0.1,1.0,100.0,1.5,0.14,0.7853981633974483,cavitylab.native_fdtd1d_batch,128,1.0901552528878937e-12,float64,1.9949841127848455e-08,-6.454976736829578e-16,0.0,2.0494624939146304e-13,-2.0559174706514553e-13,4.664140102119232e-28,7.387647754106238e-15,1.1817983742776944e-15,-0.005049731824940864,-0.005049732270294113,PASS
EXP0005-07-21,a0c6bf2997cac46e,cavity_1d_pec,0.1,1.0,100.0,1.55,0.14,0.7853981633974483,cavitylab.native_fdtd1d_batch,128,1.0901552528878937e-12,float64,1.9949841127848455e-08,-6.745828284214898e-15,0.0,2.0275174326810322e-13,-2.094975715523184e-13,-2.9187853493177437e-28,4.288395615482655e-15,1.2220804732934922e-15,-0.005049733592004203,-0.005049732270295856,PASS
EXP0005-07-22,7ca79de46fe02abd,cavity_1d_pec,0.1,1.0,100.0,1.6,0.14,0.7853981633974483,cavitylab.native_fdtd1d_batch,128,1.0901552528878937e-12,float64,1.9949841127848455e-08,-4.475377200164585e-15,0.0,2.0048324827406438e-13,-2.0495862547422989e-13,-9.206006763929208e-28,6.973048118398222e-15,1.0355058931995923e-15,-0.005049732033026486,-0.005049732270294403,PASS
EXP0005-07-23,cf3e014cd4689690,cavity_1d_pec,0.1,1.0,100.0,1.6500000000000001,0.14,0.7853981633974483,cavitylab.native_fdtd1d_batch,128,1.0901552528878937e-12,float64,1.9949841127848455e-08,-1.460817823229639e-14,0.0,1.9729976824561796e-13,-2.1190794647791443e-13,-8.835242138475332e-29,3.835839939961105e-15,9.856557224314905e-16,-0.005049733314004149,-0.005049732270294382,PASS
EXP0005-07-24,951cd4719cde9cbc,cavity_1d_pec,0.1,1.0,100.0,1.7000000000000002,0.14,0.7853981633974483,cavitylab.native_fdtd1d_batch,128,1.0901552528878937e-12,float64,1.9949841127848455e-08,-9.354627856036633e-15,0.0,1.9384165901102686e-13,-2.031962868670645e-13,-1.003431071441127e-27,6.679916838345718e-15,6.333959913780536e-16,-0.005049732238174146,-0.005049732270288338,PASS
EXP0005-07-25,d147ad73d19e4795,cavity_1d_pec,0.1,1.0,100.0,1.75,0.14,0.7853981633974483,cavitylab.native_fdtd1d_batch,128,1.0901552528878937e-12,float64,1.9949841127848455e-08,-2.777766938465304e-14,0.0,1.8892819394116478e-13,-2.1670586332581615e-13,1.666074231826777e-27,1.0104710181276732e-14,3.55305106571048e-16,-0.005049730740599404,-0.0050497322702936775,PASS
EXP0005-07-26,26d63eb47a354090,cavity_1d_pec,0.1,1.0,100.0,1.8,0.14,0.7853981633974483,cavitylab.native_fdtd1d_batch,128,1.0901552528878937e-12,float64,1.9949841127848455e-08,-1.5278195065025898e-14,0.0,1.832552805420472e-13,-1.9853347560707307e-13,1.5777218104420236e-29,3.4222330309690993e-15,-3.293979869599728e-16,-0.005049732440382719,-0.005049732270292394,PASS
EXP0005-07-27,173a6154c49994b2,cavity_1d_pec,0.1,1.0,100.0,1.85,0.14,0.7853981633974483,cavitylab.native_fdtd1d_batch,128,1.0901552528878937e-12,float64,1.9949841127848455e-08,-4.7084051989964985e-14,0.0,1.7657609927960108e-13,-2.2366015126956675e-13,-6.941975965944904e-28,6.003324162644531e-15,-1.4093107296977904e-15,-0.005049730286379537,-0.005049732270292491,PASS
EXP0005-07-28,6dec5b4c98e42122,cavity_1d_pec,0.1,1.0,100.0,1.9000000000000001,0.14,0.7853981633974483,cavitylab.native_fdtd1d_batch,128,1.0901552528878937e-12,float64,1.9949841127848455e-08,-4.198989307320627e-14,0.0,1.7183248092413e-13,-2.1382237399733487e-13,1.401016967672517e-27,6.299872477384639e-15,-3.3380238565006074e-15,-0.005049733407363407,-0.005049732270292569,PASS
EXP0005-07-29,3a3b2292697077c3,cavity_1d_pec,0.1,1.0,100.0,1.9500000000000002,0.14,0.7853981633974483,cavitylab.native_fdtd1d_batch,128,1.0901552528878937e-12,float64,1.9949841127848455e-08,1.0660345405960129e-12,0.0,3.476493938794562e-13,7.183851467165534e-13,-3.2311742677852644e-27,4.728233617620077e-15,-1.3275864158429026e-14,0.01429458066665834,0.014267817453540887,PASS
EXP0005-07-30,d900e9d61dde6f40,cavity_1d_pec,0.1,1.0,100.0,2.0,0.14,0.7853981633974483,cavitylab.native_fdtd1d_batch,128,1.0901552528878937e-12,float64,1.9949841127848455e-08,3.0965140632084946e-09,0.0,4.438330057158038e-10,2.6526810574926838e-09,-7.031035206700735e-24,4.101064297961641e-15,5.450749800176375e-12,0.030021939751910306,0.03001792166439762,PASS
EXP0005-07-31,0576fa984c108f45,cavity_1d_pec,0.1,1.0,100.0,2.05,0.14,0.7853981633974483,cavitylab.native_fdtd1d_batch,128,1.0901552528878937e-12,float64,1.9949841127848455e-08,1.6547390937324572e-09,0.0,3.0587742185613613e-10,1.3488616718763207e-09,-4.1359030627651384e-25,1.1196857235001445e-15,1.8839818728664482e-11,0.023882783975926584,0.02387609016147698,PASS
EXP0005-07-32,277ae55f1369851d,cavity_1d_pec,0.1,1.0,100.0,2.1,0.14,0.7853981633974483,cavitylab.native_fdtd1d_batch,128,1.0901552528878937e-12,float64,1.9949841127848455e-08,9.440325669377103e-13,0.0,9.450696024808834e-13,-1.0370355431769527e-15,-3.8370194429950014e-27,5.073469511752914e-15,7.08540793155119e-14,-0.005049733591906124,-0.005049732270293424,PASS
EXP0005-07-33,ff555806ffa50297,cavity_1d_pec,0.1,1.0,100.0,2.1500000000000004,0.14,0.7853981633974483,cavitylab.native_fdtd1d_batch,128,1.0901552528878937e-12,float64,1.9949841127848455e-08,2.9508757989963383e-13,0.0,4.3149828117342177e-13,-1.364107012737883e-13,-3.534096855390133e-28,3.5580053277236185e-15,2.5264603960647367e-14,-0.005049733313931702,-0.005049732270295412,PASS
EXP0005-07-34,992fff5830cc9a40,cavity_1d_pec,0.1,1.0,100.0,2.2,0.14,0.7853981633974483,cavitylab.native_fdtd1d_batch,128,1.0901552528878937e-12,float64,1.9949841127848455e-08,1.5703903316505562e-13,0.0,3.445538127523285e-13,-1.875147795872731e-13,-2.0194839173657902e-28,3.7027658615386605e-15,1.742428285726637e-14,-0.005049734300765307,-0.005049732270299895,PASS
EXP0005-07-35,ea9cb5cfad385a18,cavity_1d_pec,0.1,1.0,100.0,2.25,0.14,0.7853981633974483,cavitylab.native_fdtd1d_batch,128,1.0901552528878937e-12,float64,1.9949841127848455e-08,1.1689755677724584e-13,0.0,3.1204688905723464e-13,-1.9514933227999279e-13,-3.988480736797436e-27,9.021543435666824e-15,1.498899414608174e-14,-0.005049733313914955,-0.005049732270293054,PASS
EXP0005-07-36,6bbf0ee6c325eca1,cavity_1d_pec,0.1,1.0,100.0,2.3,0.14,0.7853981633974483,cavitylab.native_fdtd1d_batch,128,1.0901552528878937e-12,float64,1.9949841127848455e-08,1.0766036443233193e-13,0.0,2.918651788541318e-13,-1.8420481442180023e-13,-3.7865323450608567e-28,4.003298392667211e-15,1.3157664723964141e-14,-0.005049730963430205,-0.005049732270292402,PASS
EXP0005-07-37,02f032129f34d15b,cavity_1d_pec,0.1,1.0,100.0,2.35,0.14,0.7853981633974483,cavitylab.native_fdtd1d_batch,128,1.0901552528878937e-12,float64,1.9949841127848455e-08,7.690253845858105e-14,0.0,2.8071340332560717e-13,-2.03810864867028e-13,-1.880644398046892e-27,8.240421913745967e-15,1.2572674265040832e-14,-0.0050497335918520325,-0.005049732270292575,PASS
EXP0005-07-38,6f3fdc2d11072626,cavity_1d_pec,0.1,1.0,100.0,2.4000000000000004,0.14,0.7853981633974483,cavitylab.native_fdtd1d_batch,128,1.0901552528878937e-12,float64,1.9949841127848455e-08,8.524830604002053e-14,0.0,2.721622771060143e-13,-1.869139710659925e-13,1.2495556738700827e-27,5.520757584189956e-15,1.1900908528449141e-14,-0.00504973359184052,-0.005049732270293661,PASS
EXP0005-07-39,831b39cc4e6a58af,cavity_1d_pec,0.1,1.0,100.0,2.45,0.14,0.7853981633974483,cavitylab.native_fdtd1d_batch,128,1.0901552528878937e-12,float64,1.9949841127848455e-08,6.061128133160184e-14,0.0,2.664963630758429e-13,-2.0588508174424065e-13,4.165185579566942e-28,2.955236825919359e-15,1.1772782338709876e-14,-0.005049732932994107,-0.0050497322702946,PASS
EXP0005-07-40,d499b1890537e8a8,cavity_1d_pec,0.1,1.0,100.0,2.5,0.14,0.7853981633974483,cavitylab.native_fdtd1d_batch,128,1.0901552528878937e-12,float64,1.9949841127848455e-08,7.264770826179247e-14,0.0,2.6185779974280045e-13,-1.8921009148101075e-13,-2.7767903863779616e-27,9.27702263634149e-15,1.1516907305373679e-14,-0.005049733773439422,-0.005049732270294616,PASS
EXP0005-07-41,b6987ec59273c278,cavity_1d_pec,0.1,1.0,100.0,2.5500000000000003,0.14,0.7853981633974483,cavitylab.native_fdtd1d_batch,128,1.0901552528878937e-12,float64,1.9949841127848455e-08,5.1825308535254573e-14,0.0,2.5842212451307374e-13,-2.0659681597781725e-13,1.9185097214975007e-27,6.876036697001744e-15,1.1578321410049014e-14,-0.005049733863133037,-0.005049732270292459,PASS
EXP0005-07-42,29ad7ec2684a6531,cavity_1d_pec,0.1,1.0,100.0,2.6,0.14,0.7853981633974483,cavitylab.native_fdtd1d_batch,128,1.0901552528878937e-12,float64,1.9949841127848455e-08,6.471231249598771e-14,0.0,2.555386960090853e-13,-1.9082638351309773e-13,-1.6408306828597046e-28,3.88789957870443e-15,1.1519389799382518e-14,-0.005049730740793003,-0.005049732270290944,PASS
EXP0005-08-00,80c4c4f4a893c788,cavity_1d_pec,0.1,1.0,100.0,0.5,0.16,0.7853981633974483,cavitylab.native_fdtd1d_batch,128,1.0901552528878937e-12,float64,1.9949841127848455e-08,1.3121831097568791e-14,0.0,2.227214096389557e-13,-2.0959957854138456e-13,2.3508054975586152e-27,1.0536332263986043e-14,3.1477225512821413e-16,-0.005065255030864798,-0.0050652556154588135,PASS
EXP0005-08-01,e41bd46639f58422,cavity_1d_pec,0.1,1.0,100.0,0.55,0.16,0.7853981633974483,cavitylab.native_fdtd1d_batch,128,1.0901552528878937e-12,float64,1.9949841127848455e-08,1.5924141996270107e-14,0.0,2.2215166166215186e-13,-2.0622751966588084e-13,9.119232064354896e-28,6.253306636113877e-15,3.8702459679206053e-16,-0.005065255571948424,-0.005065255615459734,PASS
EXP0005-08-02,a763b5f553324d04,cavity_1d_pec,0.1,1.0,100.0,0.6,0.16,0.7853981633974483,cavitylab.native_fdtd1d_batch,128,1.0901552528878937e-12,float64,1.9949841127848455e-08,1.2735556228241971e-14,0.0,2.2231731328817927e-13,-2.0958175705993872e-13,-1.4167941857769372e-27,6.252191041962189e-15,4.3442304609048415e-16,-0.005065255837459984,-0.005065255615459723,PASS
EXP0005-08-03,68fea2635ecc8999,cavity_1d_pec,0.1,1.0,100.0,0.65,0.16,0.7853981633974483,cavitylab.native_fdtd1d_batch,128,1.0901552528878937e-12,float64,1.9949841127848455e-08,1.528210955966501e-14,0.0,2.2175148255572488e-13,-2.064693729960604e-13,-5.301145283085199e-28,4.360746866855672e-15,5.1965069195455e-16,-0.005065255437935732,-0.005065255615460028,PASS
EXP0005-08-04,1757b44c034c4f96,cavity_1d_pec,0.1,1.0,100.0,0.7,0.16,0.7853981633974483,cavitylab.native_fdtd1d_batch,128,1.0901552528878937e-12,float64,1.9949841127848455e-08,1.2189173917766456e-14,0.0,2.2176455371632545e-13,-2.0957537979855825e-13,7.462624163390772e-28,3.939995215179135e-15,5.707842898544443e-16,-0.005065255571948775,-0.005065255615460121,PASS
EXP0005-08-05,d2f99604a0510920,cavity_1d_pec,0.1,1.0,100.0,0.75,0.16,0.7853981633974483,cavitylab.native_fdtd1d_batch,128,1.0901552528878937e-12,float64,1.9949841127848455e-08,1.4441373175125823e-14,0.0,2.2117365856467695e-13,-2.0673228538955295e-13,-1.8206909692500952e-27,9.765084991576405e-15,6.681643972848269e-16,-0.005065255030871525,-0.005065255615460304,PASS
EXP0005-08-06,70fd6c5caa369010,cavity_1d_pec,0.1,1.0,100.0,0.8,0.16,0.7853981633974483,cavitylab.native_fdtd1d_batch,128,1.0901552528878937e-12,float64,1.9949841127848455e-08,1.1517775804905125e-14,0.0,2.211022649416509e-13,-2.09584489136745e-13,7.699282434957075e-28,4.3567438028891344e-15,7.216346258834396e-16,-0.005065255303087129,-0.005065255615459742,PASS
EXP0005-08-07,aa809771ea99821d,cavity_1d_pec,0.1,1.0,100.0,0.8500000000000001,0.16,0.7853981633974483,cavitylab.native_fdtd1d_batch,128,1.0901552528878937e-12,float64,1.9949841127848455e-08,1.3456802565149757e-14,0.0,2.2045591704188803e-13,-2.0699911447673732e-13,9.576771389383083e-28,6.261778658544537e-15,8.300569808820306e-16,-0.005065255571949182,-0.005065255615459668,PASS
EXP0005-08-08,b2f2a3e87b9127d1,cavity_1d_pec,0.1,1.0,100.0,0.9,0.16,0.7853981633974483,cavitylab.native_fdtd1d_batch,128,1.0901552528878937e-12,float64,1.9949841127848455e-08,1.0652442445012362e-14,0.0,2.2026244846063833e-13,-2.0961000601562496e-13,1.000275627820243e-27,5.552880086658515e-15,8.830765973506422e-16,-0.0050652558374563485,-0.005065255615455001,PASS
EXP0005-08-09,d24bb6dcca29d01d,cavity_1d_pec,0.1,1.0,100.0,0.95,0.16,0.7853981633974483,cavitylab.native_fdtd1d_batch,128,1.0901552528878937e-12,float64,1.9949841127848455e-08,1.2256612226122524e-14,0.0,2.1954572092495862e-13,-2.072891086988348e-13,1.3063536590459955e-27,5.447145790383304e-15,1.001040962898839e-15,-0.005065254616279107,-0.00506525561545623,PASS
EXP0005-08-10,b999fbddeedc0989,cavity_1d_pec,0.1,1.0,100.0,1.0,0.16,0.7853981633974483,cavitylab.native_fdtd1d_batch,128,1.0901552528878937e-12,float64,1.9949841127848455e-08,9.564187425120049e-15,0.0,2.1921696776105892e-13,-2.0965278033593655e-13,2.3145178959184486e-27,9.836982180376946e-15,1.0501048559575905e-15,-0.0050652563584012945,-0.005065255615460074,PASS
EXP0005-08-11,14dfed084c281143,cavity_1d_pec,0.1,1.0,100.0,1.05,0.16,0.7853981633974483,cavitylab.native_fdtd1d_batch,128,1.0901552528878937e-12,float64,1.9949841127848455e-08,1.0787278488344708e-14,0.0,2.1840191708865513e-13,-2.0761463860030908e-13,1.334752651633952e-27,7.1036900617040674e-15,1.1753368042272607e-15,-0.005065254616286209,-0.00506525561546075,PASS
EXP0005-08-12,8d8cd9cdf647c968,cavity_1d_pec,0.1,1.0,100.0,1.1,0.16,0.7853981633974483,cavitylab.native_fdtd1d_batch,128,1.0901552528878937e-12,float64,1.9949841127848455e-08,8.201353177097894e-15,0.0,2.1791543925562626e-13,-2.0971408607852582e-13,2.548020723863868e-27,9.862025306544491e-15,1.2155029927878971e-15,-0.00506525557195001,-0.0050652556154625215,PASS
EXP0005-08-13,92927d80b0540450,cavity_1d_pec,0.1,1.0,100.0,1.15,0.16,0.7853981633974483,cavitylab.native_fdtd1d_batch,128,1.0901552528878937e-12,float64,1.9949841127848455e-08,8.964647338205152e-15,0.0,2.1696075320143103e-13,-2.0799610586322677e-13,-8.961459883310694e-28,9.111925955284422e-15,1.3445720509829531e-15,-0.005065256990686024,-0.005065255615462988,PASS
EXP0005-08-14,3be94bb6119a331c,cavity_1d_pec,0.1,1.0,100.0,1.2000000000000002,0.16,0.7853981633974483,cavitylab.native_fdtd1d_batch,128,1.0901552528878937e-12,float64,1.9949841127848455e-08,6.493619576954569e-15,0.0,2.1627792749182783e-13,-2.0978430791487698e-13,-3.723423472643176e-27,1.57574819320699e-14,1.3686359060788123e-15,-0.005065254194170743,-0.005065255615463411,PASS
EXP0005-08-15,aaad982fdf41ff2d,cavity_1d_pec,0.1,1.0,100.0,1.25,0.16,0.7853981633974483,cavitylab.native_fdtd1d_batch,128,1.0901552528878937e-12,float64,1.9949841127848455e-08,6.656957895932439e-15,0.0,2.1512758422443488e-13,-2.0847062632850157e-13,8.780021875109861e-28,3.5526615741867938e-15,1.4962394270681023e-15,-0.005065254335722433,-0.005065255615460848,PASS
EXP0005-08-16,7285d90d6ae41c51,cavity_1d_pec,0.1,1.0,100.0,1.3,0.16,0.7853981633974483,cavitylab.native_fdtd1d_batch,128,1.0901552528878937e-12,float64,1.9949841127848455e-08,4.34704626340703e-15,0.0,2.1418936820288158e-13,-2.098423219394736e-13,9.37955616307783e-28,9.0474503998116e-15,1.4933361166187724e-15,-0.0050652571146055335,-0.005065255615458017,PASS
EXP0005-08-17,ca20b825037c6578,cavity_1d_pec,0.1,1.0,100.0,1.35,0.16,0.7853981633974483,cavitylab.native_fdtd1d_batch,128,1.0901552528878937e-12,float64,1.9949841127848455e-08,3.6486628880914306e-15,0.0,2.1275688757183992e-13,-2.0910822468374616e-13,2.335817140359416e-27,9.711100472478753e-15,1.6108285040303074e-15,-0.005065255837448443,-0.005065255615457827,PASS
EXP0005-08-18,f8951b984678e6e9,cavity_1d_pec,0.1,1.0,100.0,1.4,0.16,0.7853981633974483,cavitylab.native_fdtd1d_batch,128,1.0901552528878937e-12,float64,1.9949841127848455e-08,1.6409587633022981e-15,0.0,2.1147018663435682e-13,-2.0982922787105574e-13,-1.2205650356032105e-27,5.526857430014904e-15,1.5638277434288062e-15,-0.005065257359943991,-0.005065255615455493,PASS
EXP0005-08-19,a1c47876351f0694,cavity_1d_pec,0.1,1.0,100.0,1.4500000000000002,0.16,0.7853981633974483,cavitylab.native_fdtd1d_batch,128,1.0901552528878937e-12,float64,1.9949841127848455e-08,-4.357051929916784e-16,0.0,2.0961673763223064e-13,-2.1005244282522353e-13,-1.216719338690258e-27,5.257614599563309e-15,1.6561114482374778e-15,-0.005065253908607242,-0.005065255615451692,PASS
EXP0005-08-20,936653ddbf03b581,cavity_1d_pec,0.1,1.0,100.0,1.5,0.16,0.7853981633974483,cavitylab.native_fdtd1d_batch,128,1.0901552528878937e-12,float64,1.9949841127848455e-08,-1.7603420888479812e-15,0.0,2.0782950584844948e-13,-2.0958984793729896e-13,-1.4968635676568699e-27,7.510755146701983e-15,1.5365322381701935e-15,-0.005065255030906869,-0.005065255615456146,PASS
EXP0005-08-21,b808c00880038686,cavity_1d_pec,0.1,1.0,100.0,1.55,0.16,0.7853981633974483,cavitylab.native_fdtd1d_batch,128,1.0901552528878937e-12,float64,1.9949841127848455e-08,-6.305019086725963e-15,0.0,2.0531920969160792e-13,-2.1162422877833228e-13,1.604543081219538e-27,9.189788850386897e-15,1.5744659185628363e-15,-0.005065257359915612,-0.005065255615457852,PASS
EXP0005-08-22,2fddd0ad99e0d2a2,cavity_1d_pec,0.1,1.0,100.0,1.6,0.16,0.7853981633974483,cavitylab.native_fdtd1d_batch,128,1.0901552528878937e-12,float64,1.9949841127848455e-08,-5.931425836744901e-15,0.0,2.0277066168006172e-13,-2.0870208751680388e-13,2.743658228358679e-27,1.2312669603457373e-14,1.331875254291699e-15,-0.005065255303108811,-0.005065255615461621,PASS
EXP0005-08-23,1edcd41d41e08ae5,cavity_1d_pec,0.1,1.0,100.0,1.6500000000000001,0.16,0.7853981633974483,cavitylab.native_fdtd1d_batch,128,1.0901552528878937e-12,float64,1.9949841127848455e-08,-1.5418998756477745e-14,0.0,1.9918557168409382e-13,-2.1460457044057267e-13,-1.1044052673094165e-27,4.639496996985138e-15,1.25005041931332e-15,-0.005065256990615818,-0.005065255615464575,PASS
EXP0005-08-24,824c8f7da59b60f8,cavity_1d_pec,0.1,1.0,100.0,1.7000000000000002,0.16,0.7853981633974483,cavitylab.native_fdtd1d_batch,128,1.0901552528878937e-12,float64,1.9949841127848455e-08,-1.0592789671998041e-14,0.0,1.9540210178529952e-13,-2.0599489145729762e-13,-5.522026336547083e-29,6.187531080056382e-15,7.886322430182504e-16,-0.0050652555719528725,-0.005065255615460594,PASS
EXP0005-08-25,fc43648bc58dc85a,cavity_1d_pec,0.1,1.0,100.0,1.75,0.16,0.7853981633974483,cavitylab.native_fdtd1d_batch,128,1.0901552528878937e-12,float64,1.9949841127848455e-08,-3.071365551138677e-14,0.0,1.9008325021267338e-13,-2.2079690572406104e-13,-8.898351010893013e-28,6.367903235648484e-15,3.9990071650705873e-16,-0.005065253619730436,-0.005065255615459409,PASS
EXP0005-08-26,1027d59608c56f5d,cavity_1d_pec,0.1,1.0,100.0,1.8,0.16,0.7853981633974483,cavitylab.native_fdtd1d_batch,128,1.0901552528878937e-12,float64,1.9949841127848455e-08,-1.532443608369936e-14,0.0,1.842024238338162e-13,-1.9952685991751703e-13,-1.470436727331966e-27,6.438757595798476e-15,-4.790407101672187e-16,-0.00506525583743744,-0.005065255615457834,PASS
EXP0005-08-27,f9d41ab421227861,cavity_1d_pec,0.1,1.0,100.0,1.85,0.16,0.7853981633974483,cavitylab.native_fdtd1d_batch,128,1.0901552528878937e-12,float64,1.9949841127848455e-08,-4.620964145403007e-14,0.0,1.7870492813531588e-13,-2.2491456958934327e-13,2.68212707775144e-27,1.2277370494860217e-14,-1.9818043356421888e-15,-0.005065253031861367,-0.00506525561545732,PASS
EXP0005-08-28,e8768976de54bab4,cavity_1d_pec,0.1,1.0,100.0,1.9000000000000001,0.16,0.7853981633974483,cavitylab.native_fdtd1d_batch,128,1.0901552528878937e-12,float64,1.9949841127848455e-08,-4.963710327737925e-14,0.0,1.8408669911312818e-13,-2.3372380239050614e-13,1.2874209973206913e-27,5.133106141574667e-15,-5.051521358488756e-15,-0.0050652571145006165,-0.005065255615458261,PASS
EXP0005-08-29,1de0be860f47aa74,cavity_1d_pec,0.1,1.0,100.0,1.9500000000000002,0.16,0.7853981633974483,cavitylab.native_fdtd1d_batch,128,1.0901552528878937e-12,float64,1.9949841127848455e-08,-2.9586329246236054e-14,0.0,7.180349752325614e-14,-1.013898267694912e-13,9.844984097158227e-28,4.725084456000649e-15,-2.540753980647785e-15,0.02101814599104812,0.020997491204521955,PASS
EXP0005-08-30,bb683634116ada60,cavity_1d_pec,0.1,1.0,100.0,2.0,0.16,0.7853981633974483,cavitylab.native_fdtd1d_batch,128,1.0901552528878937e-12,float64,1.9949841127848455e-08,2.006169730068069e-08,0.0,2.518681774700105e-09,1.7543015525980658e-08,7.279189390466644e-23,3.589341360373454e-15,4.0868125603529076e-11,0.03503955458089473,0.035034941229037754,PASS
EXP0005-08-31,5f656164de484973,cavity_1d_pec,0.1,1.0,100.0,2.05,0.16,0.7853981633974483,cavitylab.native_fdtd1d_batch,128,1.0901552528878937e-12,float64,1.9949841127848455e-08,1.62128635048223e-08,0.0,2.4343028966900937e-09,1.3778560608132164e-08,-4.301339185275744e-23,2.6530410152385283e-15,1.5928078413354607e-10,0.030818285451231726,0.030813672596454143,PASS
EXP0005-08-32,66bfb3162dc193e3,cavity_1d_pec,0.1,1.0,100.0,2.1,0.16,0.7853981633974483,cavitylab.native_fdtd1d_batch,128,1.0901552528878937e-12,float64,1.9949841127848455e-08,2.4442208319485937e-12,0.0,2.6520855449376443e-12,-2.0786471298904474e-13,5.6545549686242126e-27,4.587374862714778e-15,2.62988136035938e-13,-0.005065257359787776,-0.00506525561544863,PASS
EXP0005-08-33,951d42923131a583,cavity_1d_pec,0.1,1.0,100.0,2.1500000000000004,0.16,0.7853981633974483,cavitylab.native_fdtd1d_batch,128,1.0901552528878937e-12,float64,1.9949841127848455e-08,3.8073509108717757e-13,0.0,5.326519932048178e-13,-1.5191690211764247e-13,-2.271919407036514e-27,5.135915879219787e-15,4.0591979082605006e-14,-0.005065256990521307,-0.005065255615457906,PASS
EXP0005-08-34,77fc5cfe32016d66,cavity_1d_pec,0.1,1.0,100.0,2.2,0.16,0.7853981633974483,cavitylab.native_fdtd1d_batch,128,1.0901552528878937e-12,float64,1.9949841127848455e-08,1.8829598329225334e-13,0.0,3.963075617221158e-13,-2.0801157842986737e-13,-4.897248499612041e-27,8.360816718757465e-15,2.6778266463080874e-14,-0.005065258307445568,-0.005065255615458445,PASS
EXP0005-08-35,2b8ae8b8220c14c1,cavity_1d_pec,0.1,1.0,100.0,2.25,0.16,0.7853981633974483,cavitylab.native_fdtd1d_batch,128,1.0901552528878937e-12,float64,1.9949841127848455e-08,1.721043905887763e-13,0.0,3.4490287609080714e-13,-1.7279848550202688e-13,3.963237187830363e-27,1.1829125650174892e-14,2.1666518785841783e-14,-0.005065256990499552,-0.005065255615460112,PASS
EXP0005-08-36,84e5165a359ebc72,cavity_1d_pec,0.1,1.0,100.0,2.3,0.16,0.7853981633974483,cavitylab.native_fdtd1d_batch,128,1.0901552528878937e-12,float64,1.9949841127848455e-08,1.180942040620825e-13,0.0,3.172352790280922e-13,-1.9914107496600912e-13,6.058451752097371e-28,5.455314990927976e-15,1.883966395922972e-14,-0.005065253908794294,-0.005065255615461666,PASS
EXP0005-08-37,bec2b1aa7c097ab2,cavity_1d_pec,0.1,1.0,100.0,2.35,0.16,0.7853981633974483,cavitylab.native_fdtd1d_batch,128,1.0901552528878937e-12,float64,1.9949841127848455e-08,1.0898999635291288e-13,0.0,3.022037661049569e-13,-1.932137697520492e-13,-5.212792861700446e-27,1.4137664591375571e-14,1.7771816663576362e-14,-0.005065257359717325,-0.00506525561546301,PASS
EXP0005-08-38,b9ed6bdf49368d2b,cavity_1d_pec,0.1,1.0,100.0,2.4000000000000004,0.16,0.7853981633974483,cavitylab.native_fdtd1d_batch,128,1.0901552528878937e-12,float64,1.9949841127848455e-08,9.479336008895839e-14,0.0,2.9054640473664687e-13,-1.95753044647689e-13,-5.048709793414476e-28,6.57767050955418e-15,1.6656118924245258e-14,-0.005065257359702129,-0.005065255615464511,PASS
EXP0005-08-39,bf026c6d5319c2a2,cavity_1d_pec,0.1,1.0,100.0,2.45,0.16,0.7853981633974483,cavitylab.native_fdtd1d_batch,128,1.0901552528878937e-12,float64,1.9949841127848455e-08,8.294055645016913e-14,0.0,2.834438659560651e-13,-2.0050330950590196e-13,-5.970099330712617e-27,1.5135147778229403e-14,1.6444075737831673e-14,-0.0050652564863843345,-0.0050652556154713625,PASS
EXP0005-08-40,59c44602fbeb29ec,cavity_1d_pec,0.1,1.0,100.0,2.5,0.16,0.7853981633974483,cavitylab.native_fdtd1d_batch,128,1.0901552528878937e-12,float64,1.9949841127848455e-08,8.170058233922996e-14,0.0,2.771152690158134e-13,-1.9541468667658431e-13,-8.835242138475332e-28,7.49115373297393e-15,1.5950385009046566e-14,-0.005065257601623799,-0.005065255615460984,PASS
EXP0005-08-41,faf73807e9ac4c40,cavity_1d_pec,0.1,1.0,100.0,2.5500000000000003,0.16,0.7853981633974483,cavitylab.native_fdtd1d_batch,128,1.0901552528878937e-12,float64,1.9949841127848455e-08,6.931776133969309e-14,0.0,2.729771703215371e-13,-2.0365940898184556e-13,-1.5651000359584874e-27,7.101425848906429e-15,1.6052260714890285e-14,-0.0050652577213199795,-0.005065255615452388,PASS
EXP0005-08-42,37b05a023f9fc4e7,cavity_1d_pec,0.1,1.0,100.0,2.6,0.16,0.7853981633974483,cavitylab.native_fdtd1d_batch,128,1.0901552528878937e-12,float64,1.9949841127848455e-08,7.322699803236876e-14,0.0,2.6903446111994423e-13,-1.9580746308757705e-13,-1.5777218104420236e-27,5.35979458717353e-15,1.5859295106747726e-14,-0.00506525361998208,-0.0050652556154473,PASS
EXP0005-09-00,2c3357a856510cb6,cavity_1d_pec,0.1,1.0,100.0,0.5,0.18,0.7853981633974483,cavitylab.native_fdtd1d_batch,128,1.0901552528878937e-12,float64,1.9949841127848455e-08,1.5015737818000136e-14,0.0,2.278434372089969e-13,-2.1282769939099466e-13,2.0983700078878914e-27,9.591075269110784e-15,4.005668536153849e-16,-0.005083022252235521,-0.0050830229960161216,PASS
EXP0005-09-01,3368e7d220da61e6,cavity_1d_pec,0.1,1.0,100.0,0.55,0.18,0.7853981633974483,cavitylab.native_fdtd1d_batch,128,1.0901552528878937e-12,float64,1.9949841127848455e-08,1.89013720304981e-14,0.0,2.2722723927031045e-13,-2.083258672398133e-13,-9.592548607487504e-28,4.445346018846081e-15,4.875785926788945e-16,-0.00508302293947504,-0.005083022996017082,PASS
EXP0005-09-02,5bcd7bc97995da42,cavity_1d_pec,0.1,1.0,100.0,0.6,0.18,0.7853981633974483,cavitylab.native_fdtd1d_batch,128,1.0901552528878937e-12,float64,1.9949841127848455e-08,1.4481614528359687e-14,0.0,2.273752306602773e-13,-2.1289361613192056e-13,-2.9629615600101203e-27,1.0945484614224406e-14,5.551146995049097e-16,-0.005083023277436237,-0.005083022996016769,PASS
EXP0005-09-03,662c4d9597cc7669,cavity_1d_pec,0.1,1.0,100.0,0.65,0.18,0.7853981633974483,cavitylab.native_fdtd1d_batch,128,1.0901552528878937e-12,float64,1.9949841127848455e-08,1.8256898532924422e-14,0.0,2.2675986209144596e-13,-2.0850296355851693e-13,4.616414017353361e-27,1.8466745234112808e-14,6.570904715970573e-16,-0.00508302276908059,-0.005083022996017107,PASS
EXP0005-09-04,4ea84821f806523f,cavity_1d_pec,0.1,1.0,100.0,0.7,0.18,0.7853981633974483,cavitylab.native_fdtd1d_batch,128,1.0901552528878937e-12,float64,1.9949841127848455e-08,1.3742352608960443e-14,0.0,2.2672826162522938e-13,-2.1298590901626884e-13,9.466330862652142e-29,2.428090922546828e-15,7.310928234147762e-16,-0.005083022939475488,-0.005083022996017116,PASS
EXP0005-09-05,b64e8540048ff066,cavity_1d_pec,0.1,1.0,100.0,0.75,0.18,0.7853981633974483,cavitylab.native_fdtd1d_batch,128,1.0901552528878937e-12,float64,1.9949841127848455e-08,1.738389293781383e-14,0.0,2.2608021687000053e-13,-2.086963239321845e-13,2.1930333165144128e-27,1.0477757182943767e-14,8.468176509922618e-16,-0.005083022252243998,-0.005083022996017419,PASS
EXP0005-09-06,451fd8624eaa064e,cavity_1d_pec,0.1,1.0,100.0,0.8,0.18,0.7853981633974483,cavitylab.native_fdtd1d_batch,128,1.0901552528878937e-12,float64,1.9949841127848455e-08,1.2862665931927636e-14,0.0,2.2596596065847554e-13,-2.131032947265498e-13,-1.8948438943408704e-27,7.138341713070637e-15,9.256703246470777e-16,-0.005083022597746197,-0.005083022996016902,PASS
EXP0005-09-07,9b540a81b0fac45c,cavity_1d_pec,0.1,1.0,100.0,0.8500000000000001,0.18,0.7853981633974483,cavitylab.native_fdtd1d_batch,128,1.0901552528878937e-12,float64,1.9949841127848455e-08,1.63564937730153e-14,0.0,2.252460259926838e-13,-2.0888953221966913e-13,-6.153115060723892e-28,3.745491900720594e-15,1.0534955240976254e-15,-0.005083022939475985,-0.005083022996016281,PASS
EXP0005-09-08,34396795eca1a18c,cavity_1d_pec,0.1,1.0,100.0,0.9,0.18,0.7853981633974483,cavitylab.native_fdtd1d_batch,128,1.0901552528878937e-12,float64,1.9949841127848455e-08,1.1742781701039463e-14,0.0,2.2499578194443056e-13,-2.1325300024338872e-13,2.3728936029048035e-27,1.067716150883457e-14,1.1335663680056861e-15,-0.005083023277431683,-0.0050830229960124994,PASS
EXP0005-09-09,9ccabe73f24eea55,cavity_1d_pec,0.1,1.0,100.0,0.95,0.18,0.7853981633974483,cavitylab.native_fdtd1d_batch,128,1.0901552528878937e-12,float64,1.9949841127848455e-08,1.5089333431602836e-14,0.0,2.2419078853945225e-13,-2.0910145510784767e-13,1.748115765969762e-27,7.41154321098022e-15,1.2714233614290088e-15,-0.005083021726941122,-0.005083022996009684,PASS
EXP0005-09-10,3d3250feb6c1c7d9,cavity_1d_pec,0.1,1.0,100.0,1.0,0.18,0.7853981633974483,cavitylab.native_fdtd1d_batch,128,1.0901552528878937e-12,float64,1.9949841127848455e-08,1.035334693859197e-14,0.0,2.2378990868863227e-13,-2.1343656175003934e-13,9.624103043696344e-28,4.23994883336871e-15,1.3481642947465676e-15,-0.0050830239420145956,-0.005083022996016291,PASS
EXP0005-09-11,470f999c458eb166,cavity_1d_pec,0.1,1.0,100.0,1.05,0.18,0.7853981633974483,cavitylab.native_fdtd1d_batch,128,1.0901552528878937e-12,float64,1.9949841127848455e-08,1.3524222327963149e-14,0.0,2.2286876373476917e-13,-2.0934454140680659e-13,-5.6482440813824445e-28,5.595874128324373e-15,1.492990481918896e-15,-0.005083021726950041,-0.005083022996016028,PASS
EXP0005-09-12,c6ce5cab81134247,cavity_1d_pec,0.1,1.0,100.0,1.1,0.18,0.7853981633974483,cavitylab.native_fdtd1d_batch,128,1.0901552528878937e-12,float64,1.9949841127848455e-08,8.63512133758242e-15,0.0,2.2229150440773955e-13,-2.136563830701583e-13,-1.1817136360210757e-27,5.618910841581051e-15,1.5599121916444998e-15,-0.005083022939477045,-0.005083022996019207,PASS
EXP0005-09-13,c3ac6fd7ae8b4a35,cavity_1d_pec,0.1,1.0,100.0,1.15,0.18,0.7853981633974483,cavitylab.native_fdtd1d_batch,128,1.0901552528878937e-12,float64,1.9949841127848455e-08,1.1568509549997932e-14,0.0,2.2120864119987197e-13,-2.096401316498753e-13,-1.2511333956805247e-27,7.374928787763487e-15,1.7072190781725283e-15,-0.005083024751482055,-0.005083022996016817,PASS
EXP0005-09-14,af30f4eec3c5666d,cavity_1d_pec,0.1,1.0,100.0,1.2000000000000002,0.18,0.7853981633974483,cavitylab.native_fdtd1d_batch,128,1.0901552528878937e-12,float64,1.9949841127848455e-08,6.5091239239371034e-15,0.0,2.2041177499106538e-13,-2.1390265106712841e-13,-1.3647293660323504e-28,3.1634379084258466e-15,1.7547716128697407e-15,-0.005083021193187428,-0.005083022996015634,PASS
EXP0005-09-15,5970b1fb144df0be,cavity_1d_pec,0.1,1.0,100.0,1.25,0.18,0.7853981633974483,cavitylab.native_fdtd1d_batch,128,1.0901552528878937e-12,float64,1.9949841127848455e-08,9.075773186115573e-15,0.0,2.191052464487896e-13,-2.100294732626719e-13,2.129924444096732e-27,8.932991251091645e-15,1.8978005340463832e-15,-0.005083021372061707,-0.005083022996013776,PASS
EXP0005-09-16,c1207bc278c74e2f,cavity_1d_pec,0.1,1.0,100.0,1.3,0.18,0.7853981633974483,cavitylab.native_fdtd1d_batch,128,1.0901552528878937e-12,float64,1.9949841127848455e-08,3.8752368568615595e-15,0.0,2.1802330622568754e-13,-2.141480693688223e-13,3.678458401045578e-27,1.3472168304027227e-14,1.911470060201657e-15,-0.005083024910518006,-0.0050830229960141,PASS
EXP0005-09-17,184b3588cd3a6233,cavity_1d_pec,0.1,1.0,100.0,1.35,0.18,0.7853981633974483,cavitylab.native_fdtd1d_batch,128,1.0901552528878937e-12,float64,1.9949841127848455e-08,5.802615575154266e-15,0.0,2.1639824204030523e-13,-2.105956264651506e-13,3.5814285097033936e-28,4.2299603443009546e-15,2.039457495134746e-15,-0.005083023277421694,-0.005083022996012408,PASS
EXP0005-09-18,a3bbda8661cae2e2,cavity_1d_pec,0.1,1.0,100.0,1.4,0.18,0.7853981633974483,cavitylab.native_fdtd1d_batch,128,1.0901552528878937e-12,float64,1.9949841127848455e-08,6.200490663073686e-16,0.0,2.1492993936511796e-13,-2.1430989029880916e-13,1.4380934302179045e-27,8.025379330961567e-15,1.996244532899196e-15,-0.005083025225779196,-0.005083022996012659,PASS
EXP0005-09-19,e983f179bd83fa41,cavity_1d_pec,0.1,1.0,100.0,1.4500000000000002,0.18,0.7853981633974483,cavitylab.native_fdtd1d_batch,128,1.0901552528878937e-12,float64,1.9949841127848455e-08,1.3140814885312374e-15,0.0,2.128353563299399e-13,-2.1152127484140932e-13,-6.470631575075349e-28,4.00358657479075e-15,2.09073035642574e-15,-0.005083020832678867,-0.0050830229960142845,PASS
EXP0005-09-20,134ae84fb45845bd,cavity_1d_pec,0.1,1.0,100.0,1.5,0.18,0.7853981633974483,cavitylab.native_fdtd1d_batch,128,1.0901552528878937e-12,float64,1.9949841127848455e-08,-3.3355800450601018e-15,0.0,2.1082008298034706e-13,-2.1415566302540622e-13,9.454497949073826e-28,4.607318457267892e-15,1.9523935053120177e-15,-0.005083022252288477,-0.005083022996018382,PASS
EXP0005-09-21,a3cab49b189a8a85,cavity_1d_pec,0.1,1.0,100.0,1.55,0.18,0.7853981633974483,cavitylab.native_fdtd1d_batch,128,1.0901552528878937e-12,float64,1.9949841127848455e-08,-5.2406129159779004e-15,0.0,2.080034063444978e-13,-2.132440192604764e-13,-6.839424048266172e-28,5.711779309320153e-15,1.9779718702440473e-15,-0.005083025225743403,-0.005083022996021494,PASS
EXP0005-09-22,beaa2281eb04d05b,cavity_1d_pec,0.1,1.0,100.0,1.6,0.18,0.7853981633974483,cavitylab.native_fdtd1d_batch,128,1.0901552528878937e-12,float64,1.9949841127848455e-08,-7.844884876064427e-15,0.0,2.0517905743039953e-13,-2.1302394230646148e-13,2.4849118514461872e-27,9.53062135078749e-15,1.6775647596026463e-15,-0.005083022597773522,-0.005083022996015521,PASS
EXP0005-09-23,001b6137a5443cdf,cavity_1d_pec,0.1,1.0,100.0,1.6500000000000001,0.18,0.7853981633974483,cavitylab.native_fdtd1d_batch,128,1.0901552528878937e-12,float64,1.9949841127848455e-08,-1.5673453082253256e-14,0.0,2.0121121414068384e-13,-2.168846672229371e-13,3.1554436208840472e-30,3.6202946280816846e-15,1.5534250705757365e-15,-0.005083024751393383,-0.0050830229960145,PASS
EXP0005-09-24,fc6431be1a1d4694,cavity_1d_pec,0.1,1.0,100.0,1.7000000000000002,0.18,0.7853981633974483,cavitylab.native_fdtd1d_batch,128,1.0901552528878937e-12,float64,1.9949841127848455e-08,-1.193212630883516e-14,0.0,1.9714292192357144e-13,-2.0907504823241022e-13,-3.620871554964444e-27,1.4975030386977202e-14,9.690364396744177e-16,-0.005083022939480645,-0.005083022996007219,PASS
EXP0005-09-25,9cb37431548de562,cavity_1d_pec,0.1,1.0,100.0,1.75,0.18,0.7853981633974483,cavitylab.native_fdtd1d_batch,128,1.0901552528878937e-12,float64,1.9949841127848455e-08,-3.3369639640267906e-14,0.0,1.9149413424988612e-13,-2.248637738901536e-13,4.165185579566942e-28,4.416775287507531e-15,4.517589049195475e-16,-0.0050830204684485835,-0.005083022996012525,PASS
EXP0005-09-26,6099085ad0a87f26,cavity_1d_pec,0.1,1.0,100.0,1.8,0.18,0.7853981633974483,cavitylab.native_fdtd1d_batch,128,1.0901552528878937e-12,float64,1.9949841127848455e-08,-1.507012688123144e-14,0.0,1.8556267418845337e-13,-2.0063280106968479e-13,2.524354896707238e-29,6.011525495945349e-15,-6.436349042493378e-16,-0.005083023277407851,-0.0050830229960201955,PASS
EXP0005-09-27,4b687ecba7e5a1c8,cavity_1d_pec,0.1,1.0,100.0,1.85,0.18,0.7853981633974483,cavitylab.native_fdtd1d_batch,128,1.0901552528878937e-12,float64,1.9949841127848455e-08,-4.0577664259620624e-14,0.0,1.8188851909208518e-13,-2.2246618335170812e-13,-2.3160956177288907e-27,1.0796600477929449e-14,-2.638737986293689e-15,-0.005083019728601454,-0.005083022996025365,PASS
EXP0005-09-28,caa3a12d251dea42,cavity_1d_pec,0.1,1.0,100.0,1.9000000000000001,0.18,0.7853981633974483,cavitylab.native_fdtd1d_batch,128,1.0901552528878937e-12,float64,1.9949841127848455e-08,-1.9933172697184278e-14,0.0,2.0734780585949158e-13,-2.2728097855667865e-13,-2.7925676044823818e-27,1.0887509680619546e-14,-7.705800643708105e-15,-0.0050830249103856005,-0.0050830229960174,PASS
EXP0005-09-29,58d3dc8e93aa40f4,cavity_1d_pec,0.1,1.0,100.0,1.9500000000000002,0.18,0.7853981633974483,cavitylab.native_fdtd1d_batch,128,1.0901552528878937e-12,float64,1.9949841127848455e-08,1.7176328830991068e-11,0.0,2.7819924033926616e-12,1.4394336427598433e-11,2.5849394142282115e-26,1.9752375577795504e-15,-1.0001250659384352e-13,0.026974733689818294,0.026957174165022822,PASS
EXP0005-09-30,e72261bdf9eb6c50,cavity_1d_pec,0.1,1.0,100.0,2.0,0.18,0.7853981633974483,cavitylab.native_fdtd1d_batch,128,1.0901552528878937e-12,float64,1.9949841127848455e-08,1.3092632921410766e-07,0.0,1.4629974481788927e-08,1.1629635473231856e-07,-1.852884572118782e-22,2.3972298586597176e-15,3.030473831049399e-10,0.040064034051315096,0.04005882052969796,PASS
EXP0005-09-31,2592a42874988f52,cavity_1d_pec,0.1,1.0,100.0,2.05,0.18,0.7853981633974483,cavitylab.native_fdtd1d_batch,128,1.0901552528878937e-12,float64,1.9949841127848455e-08,1.5085495749811444e-07,0.0,1.929537869740544e-08,1.3155957880070956e-07,5.558653716356346e-22,4.9130226884109965e-15,1.3444693583041441e-09,0.03734242085825371,0.0373392715131921,PASS
EXP0005-09-32,79861c252190067e,cavity_1d_pec,0.1,1.0,100.0,2.1,0.18,0.7853981633974483,cavitylab.native_fdtd1d_batch,128,1.0901552528878937e-12,float64,1.9949841127848455e-08,2.289174214919472e-10,0.0,6.862952361775637e-11,1.6028789787419145e-10,6.462348535570529e-25,3.322913567477945e-15,7.800497714610156e-12,0.012465210807370225,0.012584617559605485,PASS
EXP0005-09-33,6bf22285a10126ef,cavity_1d_pec,0.1,1.0,100.0,2.1500000000000004,0.18,0.7853981633974483,cavitylab.native_fdtd1d_batch,128,1.0901552528878937e-12,float64,1.9949841127848455e-08,5.321354151438115e-13,0.0,7.292918239145903e-13,-1.9715640877077883e-13,-1.0097419586828951e-28,4.961995524848071e-15,7.219256789380474e-14,-0.005083024751274021,-0.005083022996010425,PASS
EXP0005-09-34,9ed3f9e7b66fcdb0,cavity_1d_pec,0.1,1.0,100.0,2.2,0.18,0.7853981633974483,cavitylab.native_fdtd1d_batch,128,1.0901552528878937e-12,float64,1.9949841127848455e-08,3.0624391413892293e-13,0.0,4.670453864827303e-13,-1.6080147234379966e-13,7.674038885990003e-27,1.1760214262052461e-14,4.045009201586426e-14,-0.005083026448698632,-0.005083022996010995,PASS
EXP0005-09-35,1ca9d0fc555d32b0,cavity_1d_pec,0.1,1.0,100.0,2.25,0.18,0.7853981633974483,cavitylab.native_fdtd1d_batch,128,1.0901552528878937e-12,float64,1.9949841127848455e-08,2.1417212169133763e-13,0.0,3.8421459323555633e-13,-1.700424715442193e-13,-6.058451752097371e-28,4.210526886174421e-15,3.038511272854847e-14,-0.005083024751246499,-0.0050830229960108705,PASS
EXP0005-09-36,04df832fc685226d,cavity_1d_pec,0.1,1.0,100.0,2.3,0.18,0.7853981633974483,cavitylab.native_fdtd1d_batch,128,1.0901552528878937e-12,float64,1.9949841127848455e-08,1.3939397872167747e-13,0.0,3.484819283217606e-13,-2.0908794960008228e-13,8.330371159133885e-28,4.4646810974326116e-15,2.6557102629384943e-14,-0.005083020832914643,-0.005083022996014263,PASS
EXP0005-09-37,b831f90571bcfb10,cavity_1d_pec,0.1,1.0,100.0,2.35,0.18,0.7853981633974483,cavitylab.native_fdtd1d_batch,128,1.0901552528878937e-12,float64,1.9949841127848455e-08,1.4514572712079143e-13,0.0,3.263030841653585e-13,-1.8115735704456397e-13,3.07971297398283e-27,8.774811887449726e-15,2.4220840260073377e-14,-0.005083025225492563,-0.005083022996016265,PASS
EXP0005-09-38,529bb69e5e6a014c,cavity_1d_pec,0.1,1.0,100.0,2.4000000000000004,0.18,0.7853981633974483,cavitylab.native_fdtd1d_batch,128,1.0901552528878937e-12,float64,1.9949841127848455e-08,1.0384689583566542e-13,0.0,3.1180619813471033e-13,-2.0795930229904194e-13,2.9787387781145406e-27,7.863763172969591e-15,2.2816937705188575e-14,-0.005083025225473551,-0.005083022996014245,PASS
EXP0005-09-39,050965b163124dc5,cavity_1d_pec,0.1,1.0,100.0,2.45,0.18,0.7853981633974483,cavitylab.native_fdtd1d_batch,128,1.0901552528878937e-12,float64,1.9949841127848455e-08,1.1105217409181051e-13,0.0,3.0206135862208783e-13,-1.9100918453027988e-13,-2.5622202201578463e-27,7.16064240805883e-15,2.216622602660696e-14,-0.005083024105604001,-0.00508302299601339,PASS
EXP0005-09-40,bee253ee5725dd31,cavity_1d_pec,0.1,1.0,100.0,2.5,0.18,0.7853981633974483,cavitylab.native_fdtd1d_batch,128,1.0901552528878937e-12,float64,1.9949841127848455e-08,8.835246129881782e-14,0.0,2.9419623782971886e-13,-2.0584377653090088e-13,1.6408306828597046e-28,3.4772423843172705e-15,2.15513534408472e-14,-0.005083025536882231,-0.0050830229960109,PASS
EXP0005-09-41,771f8c6f955b4df6,cavity_1d_pec,0.1,1.0,100.0,2.5500000000000003,0.18,0.7853981633974483,cavitylab.native_fdtd1d_batch,128,1.0901552528878937e-12,float64,1.9949841127848455e-08,9.216628750473283e-14,0.0,2.8878978835276293e-13,-1.9662350084803012e-13,-1.262177448353619e-29,2.5240223972527622e-15,2.1499023089215614e-14,-0.005083025691162738,-0.00508302299600951,PASS
EXP0005-09-42,a773692b4cfca25c,cavity_1d_pec,0.1,1.0,100.0,2.6,0.18,0.7853981633974483,cavitylab.native_fdtd1d_batch,128,1.0901552528878937e-12,float64,1.9949841127848455e-08,7.913901635369578e-14,0.0,2.838707560414095e-13,-2.0473173968771063e-13,3.07971297398283e-27,1.0299638739594177e-14,2.126307507083553e-14,-0.005083020468765802,-0.005083022996015043,PASS
EXP0005-10-00,aa1176fe32e4922c,cavity_1d_pec,0.1,1.0,100.0,0.5,0.2,0.7853981633974483,cavitylab.native_fdtd1d_batch,128,1.0901552528878937e-12,float64,1.9949841127848455e-08,1.715606446170411e-14,0.0,2.331073622355321e-13,-2.1595129777382738e-13,6.279332805559254e-28,5.3142761067619105e-15,5.013390922684624e-16,-0.005103102707239595,-0.0051031036308006325,PASS
EXP0005-10-01,0a629eaf218cfa6a,cavity_1d_pec,0.1,1.0,100.0,0.55,0.2,0.7853981633974483,cavitylab.native_fdtd1d_batch,128,1.0901552528878937e-12,float64,1.9949841127848455e-08,2.2096277715011868e-14,0.0,2.324705235810918e-13,-2.1037424586608251e-13,-2.596930099987571e-27,1.3549921496369693e-14,6.008411337036707e-16,-0.005103103559535066,-0.005103103630801198,PASS
EXP0005-10-02,8c8306f278d32dcb,cavity_1d_pec,0.1,1.0,100.0,0.6,0.2,0.7853981633974483,cavitylab.native_fdtd1d_batch,128,1.0901552528878937e-12,float64,1.9949841127848455e-08,1.64862419031485e-14,0.0,2.3257254015670464e-13,-2.160862982535551e-13,1.0349855076499675e-27,5.853701107363167e-15,6.967176947868983e-16,-0.005103103979396047,-0.005103103630801016,PASS
EXP0005-10-03,57f812949df1c341,cavity_1d_pec,0.1,1.0,100.0,0.65,0.2,0.7853981633974483,cavitylab.native_fdtd1d_batch,128,1.0901552528878937e-12,float64,1.9949841127848455e-08,2.1437259324868685e-14,0.0,2.3192915262511737e-13,-2.1049189330025137e-13,-2.6852825213723242e-27,1.2263298267544191e-14,8.121903703737436e-16,-0.00510310334803386,-0.005103103630801385,PASS
EXP0005-10-04,c10a957943ff00dc,cavity_1d_pec,0.1,1.0,100.0,0.7,0.2,0.7853981633974483,cavitylab.native_fdtd1d_batch,128,1.0901552528878937e-12,float64,1.9949841127848455e-08,1.5554205632787616e-14,0.0,2.318250523497623e-13,-2.162708467169729e-13,1.7796702021786026e-27,6.271647013347309e-15,9.189896819416672e-16,-0.005103103559535584,-0.00510310363080095,PASS
EXP0005-10-05,63159c51f7e98a62,cavity_1d_pec,0.1,1.0,100.0,0.75,0.2,0.7853981633974483,cavitylab.native_fdtd1d_batch,128,1.0901552528878937e-12,float64,1.9949841127848455e-08,2.052418193153806e-14,0.0,2.3113915061679404e-13,-2.106149686852582e-13,-2.2372095272067895e-27,7.787910381493989e-15,1.0486793570717677e-15,-0.005103102707249958,-0.00510310363080152,PASS
EXP0005-10-06,ed7cd8d81a8b0f9e,cavity_1d_pec,0.1,1.0,100.0,0.8,0.2,0.7853981633974483,cavitylab.native_fdtd1d_batch,128,1.0901552528878937e-12,float64,1.9949841127848455e-08,1.447013487744041e-14,0.0,2.3096087374195725e-13,-2.1649073886451761e-13,-7.730836871165916e-28,9.514593842300505e-15,1.1646669254042973e-15,-0.005103103135488726,-0.005103103630801208,PASS
EXP0005-10-07,d856712ee891f119,cavity_1d_pec,0.1,1.0,100.0,0.8500000000000001,0.2,0.7853981633974483,cavitylab.native_fdtd1d_batch,128,1.0901552528878937e-12,float64,1.9949841127848455e-08,1.9446892278983e-14,0.0,2.3018236639784795e-13,-2.107354741188678e-13,-2.8462101460374106e-27,1.1313679864526386e-14,1.3062045420039605e-15,-0.0051031035595362675,-0.005103103630793857,PASS
EXP0005-10-08,4d9b63c691df0cc1,cavity_1d_pec,0.1,1.0,100.0,0.9,0.2,0.7853981633974483,cavitylab.native_fdtd1d_batch,128,1.0901552528878937e-12,float64,1.9949841127848455e-08,1.3086492291766734e-14,0.0,2.2985603931785943e-13,-2.1676954702609252e-13,1.7197167733818057e-28,5.219522085411662e-15,1.426790676075706e-15,-0.005103103979390462,-0.005103103630798668,PASS
EXP0005-10-09,0bbc8dc790d24a70,cavity_1d_pec,0.1,1.0,100.0,0.95,0.2,0.7853981633974483,cavitylab.native_fdtd1d_batch,128,1.0901552528878937e-12,float64,1.9949841127848455e-08,1.811118502838045e-14,0.0,2.2897578399526573e-13,-2.108645989668855e-13,-2.208810534618833e-28,4.555630267366754e-15,1.5773851426295308e-15,-0.005103102057062425,-0.0051031036307991945,PASS
EXP0005-10-10,e0a61cea952d2be9,cavity_1d_pec,0.1,1.0,100.0,1.0,0.2,0.7853981633974483,cavitylab.native_fdtd1d_batch,128,1.0901552528878937e-12,float64,1.9949841127848455e-08,1.1372936341014061e-14,0.0,2.284850377779828e-13,-2.17112101436967e-13,1.7307608260549e-27,7.386240093145225e-15,1.6968661799722047e-15,-0.00510310480651138,-0.005103103630800084,PASS
EXP0005-10-11,3375e6c371924e2a,cavity_1d_pec,0.1,1.0,100.0,1.05,0.2,0.7853981633974483,cavitylab.native_fdtd1d_batch,128,1.0901552528878937e-12,float64,1.9949841127848455e-08,1.6458217250751403e-14,0.0,2.2746926016492625e-13,-2.110110429141749e-13,-6.310887241768094e-29,5.4816132328219674e-15,1.852483174191965e-15,-0.0051031020570734015,-0.0051031036308023785,PASS
EXP0005-10-12,4647d0fac0c1d57d,cavity_1d_pec,0.1,1.0,100.0,1.1,0.2,0.7853981633974483,cavitylab.native_fdtd1d_batch,128,1.0901552528878937e-12,float64,1.9949841127848455e-08,9.25706514640672e-15,0.0,2.267843138244506e-13,-2.1752724867804745e-13,-3.5814285097033936e-27,1.4034237098693634e-14,1.962598771825799e-15,-0.0051031035595375035,-0.0051031036308016595,PASS
EXP0005-10-13,a4a19543cdbdc356,cavity_1d_pec,0.1,1.0,100.0,1.15,0.2,0.7853981633974483,cavitylab.native_fdtd1d_batch,128,1.0901552528878937e-12,float64,1.9949841127848455e-08,1.4392720579020656e-14,0.0,2.2558424874678476e-13,-2.1119152816776296e-13,1.1454260343809091e-27,6.006466086766561e-15,2.1175173427831173e-15,-0.005103105816785932,-0.005103103630801542,PASS
EXP0005-10-14,52bc795d399cc256,cavity_1d_pec,0.1,1.0,100.0,1.2000000000000002,0.2,0.7853981633974483,cavitylab.native_fdtd1d_batch,128,1.0901552528878937e-12,float64,1.9949841127848455e-08,6.6431089870885315e-15,0.0,2.2465701829579582e-13,-2.1801390930870944e-13,-2.147279384011594e-27,9.12252171202135e-15,2.2059643173771164e-15,-0.005103101397490228,-0.005103103630799769,PASS
EXP0005-10-15,33de900534b2446a,cavity_1d_pec,0.1,1.0,100.0,1.25,0.2,0.7853981633974483,cavitylab.native_fdtd1d_batch,128,1.0901552528878937e-12,float64,1.9949841127848455e-08,1.1761980478541303e-14,0.0,2.2320540573687694e-13,-2.1144342525833444e-13,1.199068575935938e-27,5.913382945745724e-15,2.3518424783500094e-15,-0.00510310161841172,-0.0051031036308010575,PASS
EXP0005-10-16,2c4780b7218429e2,cavity_1d_pec,0.1,1.0,100.0,1.3,0.2,0.7853981633974483,cavitylab.native_fdtd1d_batch,128,1.0901552528878937e-12,float64,1.9949841127848455e-08,3.414225869683687e-15,0.0,2.2196380591861877e-13,-2.1854958004893597e-13,-8.918072533523538e-28,7.847398555385958e-15,2.399702096185972e-15,-0.005103106015662673,-0.0051031036307974675,PASS
EXP0005-10-17,ae99b7faab54894f,cavity_1d_pec,0.1,1.0,100.0,1.35,0.2,0.7853981633974483,cavitylab.native_fdtd1d_batch,128,1.0901552528878937e-12,float64,1.9949841127848455e-08,8.305373095931019e-15,0.0,2.2015845832061267e-13,-2.1185308522468227e-13,-6.2477783693504135e-28,5.44294884457154e-15,2.5236959891584774e-15,-0.0051031039793781666,-0.00510310363079769,PASS
EXP0005-10-18,6ae7bd5ffa29a54a,cavity_1d_pec,0.1,1.0,100.0,1.4,0.2,0.7853981633974483,cavitylab.native_fdtd1d_batch,128,1.0901552528878937e-12,float64,1.9949841127848455e-08,-5.456023763410868e-16,0.0,2.1849330922962296e-13,-2.1903891160596412e-13,-7.020862056467005e-29,7.231494913856539e-15,2.500673912952113e-15,-0.005103106410295505,-0.005103103630800778,PASS
EXP0005-10-19,aa71cb01829cd1c7,cavity_1d_pec,0.1,1.0,100.0,1.4500000000000002,0.2,0.7853981633974483,cavitylab.native_fdtd1d_batch,128,1.0901552528878937e-12,float64,1.9949841127848455e-08,3.5362284197853353e-15,0.0,2.1617248444727778e-13,-2.1263625602749144e-13,1.0006700582728535e-27,8.32912464760021e-15,2.581414157826104e-15,-0.005103100952589081,-0.005103103630801154,PASS
EXP0005-10-20,f70bb5c274e1aca7,cavity_1d_pec,0.1,1.0,100.0,1.5,0.2,0.7853981633974483,cavitylab.native_fdtd1d_batch,128,1.0901552528878937e-12,float64,1.9949841127848455e-08,-5.2511452346031345e-15,0.0,2.13916669625967e-13,-2.1916781486057216e-13,-2.0210616391762322e-27,9.048605943291947e-15,2.436777857550585e-15,-0.005103102707304688,-0.0051031036307855205,PASS
EXP0005-10-21,7959a8fc7bbbb49a,cavity_1d_pec,0.1,1.0,100.0,1.55,0.2,0.7853981633974483,cavitylab.native_fdtd1d_batch,128,1.0901552528878937e-12,float64,1.9949841127848455e-08,-3.5589972855748265e-15,0.0,2.1081263875832528e-13,-2.1437163604390162e-13,-1.5146129380243427e-27,6.780029301385247e-15,2.4339175175278168e-15,-0.005103106410251405,-0.005103103630792756,PASS
EXP0005-10-22,671a0521b79ee31e,cavity_1d_pec,0.1,1.0,100.0,1.6,0.2,0.7853981633974483,cavitylab.native_fdtd1d_batch,128,1.0901552528878937e-12,float64,1.9949841127848455e-08,-1.0237659321828876e-14,0.0,2.0771099619044983e-13,-2.1794865551227866e-13,4.259848888193464e-29,3.1717132994918263e-15,2.0791702060413116e-15,-0.005103103135522296,-0.005103103630798873,PASS
EXP0005-10-23,b6041e1dee5e87ec,cavity_1d_pec,0.1,1.0,100.0,1.6500000000000001,0.2,0.7853981633974483,cavitylab.native_fdtd1d_batch,128,1.0901552528878937e-12,float64,1.9949841127848455e-08,-1.5288799106395493e-14,0.0,2.0338635612532016e-13,-2.1867515523171655e-13,-8.898351010893013e-28,7.61396447142725e-15,1.8986203296100858e-15,-0.005103105816676765,-0.005103103630803738,PASS
EXP0005-10-24,1e2ac691eedec618,cavity_1d_pec,0.1,1.0,100.0,1.7000000000000002,0.2,0.7853981633974483,cavitylab.native_fdtd1d_batch,128,1.0901552528878937e-12,float64,1.9949841127848455e-08,-1.3438645516218854e-14,0.0,1.9907131416317118e-13,-2.125099596793925e-13,-2.4596683024791148e-27,9.336343787866682e-15,1.1791439891353916e-15,-0.005103103559542051,-0.005103103630810072,PASS
EXP0005-10-25,c497cff3f3f941d5,cavity_1d_pec,0.1,1.0,100.0,1.75,0.2,0.7853981633974483,cavitylab.native_fdtd1d_batch,128,1.0901552528878937e-12,float64,1.9949841127848455e-08,-3.5728822305083246e-14,0.0,1.931698818777128e-13,-2.288987041827968e-13,-7.573064690121713e-28,5.193777901008068e-15,5.151590586801139e-16,-0.005103100503558862,-0.0051031036308006395,PASS
EXP0005-10-26,2472934b9c498020,cavity_1d_pec,0.1,1.0,100.0,1.8,0.2,0.7853981633974483,cavitylab.native_fdtd1d_batch,128,1.0901552528878937e-12,float64,1.9949841127848455e-08,-1.4729861267745267e-14,0.0,1.873579447917854e-13,-2.0208780605953245e-13,-1.7702038713159505e-27,9.87610048728689e-15,-8.196960246319856e-16,-0.00510310397936111,-0.00510310363079725,PASS
EXP0005-10-27,8b743d16e199a1e8,cavity_1d_pec,0.1,1.0,100.0,1.85,0.2,0.7853981633974483,cavitylab.native_fdtd1d_batch,128,1.0901552528878937e-12,float64,1.9949841127848455e-08,-2.972948129665698e-14,0.0,1.861106979084159e-13,-2.1584017920507316e-13,-2.8398992587956425e-28,7.460173420702168e-15,-3.3619369839453925e-15,-0.005103099592839539,-0.005103103630786159,PASS
EXP0005-10-28,9eb0b37c2849e9f4,cavity_1d_pec,0.1,1.0,100.0,1.9000000000000001,0.2,0.7853981633974483,cavitylab.native_fdtd1d_batch,128,1.0901552528878937e-12,float64,1.9949841127848455e-08,8.053594616860676e-14,0.0,2.4346492278391273e-13,-1.629289766153036e-13,2.3602718284212673e-27,7.37668856817352e-15,-1.1320327034218306e-14,-0.005103106015499396,-0.005103103630793026,PASS
EXP0005-10-29,0d38481c403d3aa0,cavity_1d_pec,0.1,1.0,100.0,1.9500000000000002,0.2,0.7853981633974483,cavitylab.native_fdtd1d_batch,128,1.0901552528878937e-12,float64,1.9949841127848455e-08,4.5964880816844783e-10,0.0,6.21827219213856e-11,3.9746608624706225e-10,0.0,1.6871181007920118e-15,-1.9558433333529823e-12,0.03253203454773463,0.03251635066273652,PASS
EXP0005-10-30,c83988011a4c6553,cavity_1d_pec,0.1,1.0,100.0,2.0,0.2,0.7853981633974483,cavitylab.native_fdtd1d_batch,128,1.0901552528878937e-12,float64,1.9949841127848455e-08,8.597130394087387e-07,0.0,8.658781915903333e-08,7.731252202497051e-07,-3.1763735522036263e-22,1.2156575979313832e-15,2.2304702606593e-09,0.045096413384387316,0.04509059377194929,PASS
EXP0005-10-31,fc3788cf01c48c4d,cavity_1d_pec,0.1,1.0,100.0,2.05,0.2,0.7853981633974483,cavitylab.native_fdtd1d_batch,128,1.0901552528878937e-12,float64,1.9949841127848455e-08,1.3579997459409566e-06,0.0,1.523673289648431e-07,1.2056324169761132e-06,-4.235164736271502e-22,1.0915375073711345e-15,1.1331931839702406e-08,0.043626759318461765,0.043624750160007345,PASS
EXP0005-10-32,80a8f24ef46b68e4,cavity_1d_pec,0.1,1.0,100.0,2.1,0.2,0.7853981633974483,cavitylab.native_fdtd1d_batch,128,1.0901552528878937e-12,float64,1.9949841127848455e-08,1.1143391024047232e-08,0.0,1.9876126928722024e-09,9.155778331175066e-09,3.639594695233322e-23,3.086726912983324e-15,2.34711425127028e-10,0.026140626749066465,0.02620477351149799,PASS
EXP0005-10-33,4bfd8e02d19900de,cavity_1d_pec,0.1,1.0,100.0,2.1500000000000004,0.2,0.7853981633974483,cavitylab.native_fdtd1d_batch,128,1.0901552528878937e-12,float64,1.9949841127848455e-08,1.1082193323533983e-12,0.0,1.0814289414014856e-12,2.6790390951892754e-14,-1.9992890781921323e-26,1.1883493423004965e-14,1.319345670610202e-13,-0.005103105816529534,-0.005103103630793528,PASS
EXP0005-10-34,928f4ff0db86d38c,cavity_1d_pec,0.1,1.0,100.0,2.2,0.2,0.7853981633974483,cavitylab.native_fdtd1d_batch,128,1.0901552528878937e-12,float64,1.9949841127848455e-08,4.434243033111039e-13,0.0,5.573424588764143e-13,-1.1391815556532102e-13,-1.0602290566170399e-26,1.3709892286809281e-14,5.915148847113186e-14,-0.00510310794641963,-0.0051031036307935575,PASS
EXP0005-10-35,1bd7ad8cfe34226f,cavity_1d_pec,0.1,1.0,100.0,2.25,0.2,0.7853981633974483,cavitylab.native_fdtd1d_batch,128,1.0901552528878937e-12,float64,1.9949841127848455e-08,2.2693025107004477e-13,0.0,4.3705889095895774e-13,-2.1012863988890923e-13,3.736045247126712e-27,7.178731689408392e-15,4.2952553559651876e-14,-0.0051031058164954625,-0.005103103630788955,PASS
EXP0005-10-36,77e1b8e332bdfd00,cavity_1d_pec,0.1,1.0,100.0,2.3,0.2,0.7853981633974483,cavitylab.native_fdtd1d_batch,128,1.0901552528878937e-12,float64,1.9949841127848455e-08,2.0350889619183146e-13,0.0,3.867041567862044e-13,-1.8319526059437333e-13,-3.7865323450608567e-28,3.803850728751828e-15,3.66408796725163e-14,-0.005103100952879179,-0.005103103630793312,PASS
EXP0005-10-37,3ee7f08c3c166d50,cavity_1d_pec,0.1,1.0,100.0,2.35,0.2,0.7853981633974483,cavitylab.native_fdtd1d_batch,128,1.0901552528878937e-12,float64,1.9949841127848455e-08,1.6438245716522444e-13,0.0,3.5438639533517043e-13,-1.9000393816995672e-13,-1.072850831100576e-26,2.0194714172643633e-14,3.2373187392713745e-14,-0.005103106409942024,-0.005103103630791022,PASS
EXP0005-10-38,0efa837c9e15692e,cavity_1d_pec,0.1,1.0,100.0,2.4000000000000004,0.2,0.7853981633974483,cavitylab.native_fdtd1d_batch,128,1.0901552528878937e-12,float64,1.9949841127848455e-08,1.312003120481828e-13,0.0,3.3688583181509543e-13,-2.056855197669136e-13,-9.592548607487504e-28,3.696004717062427e-15,3.069365716777737e-14,-0.00510310640991856,-0.005103103630791102,PASS
EXP0005-10-39,7bc3ae82ba69267c,cavity_1d_pec,0.1,1.0,100.0,2.45,0.2,0.7853981633974483,cavitylab.native_fdtd1d_batch,128,1.0901552528878937e-12,float64,1.9949841127848455e-08,1.3256757497917094e-13,0.0,3.228039028634619e-13,-1.9023632788429186e-13,-8.835242138475332e-28,6.468759571291706e-15,2.913941538379512e-14,-0.005103105010427411,-0.005103103630791264,PASS
EXP0005-10-40,c8c6758083fee766,cavity_1d_pec,0.1,1.0,100.0,2.5,0.2,0.7853981633974483,cavitylab.native_fdtd1d_batch,128,1.0901552528878937e-12,float64,1.9949841127848455e-08,1.0375735648834144e-13,0.0,3.137336942918786e-13,-2.0997633780353922e-13,-2.0573492408163988e-27,8.207850748839964e-15,2.857258641714149e-14,-0.005103106800261213,-0.0051031036307760775,PASS
EXP0005-10-41,99cf8169eb119e32,cavity_1d_pec,0.1,1.0,100.0,2.5500000000000003,0.2,0.7853981633974483,cavitylab.native_fdtd1d_batch,128,1.0901552528878937e-12,float64,1.9949841127848455e-08,1.1249811470652714e-13,0.0,3.060694017560737e-13,-1.935712870495449e-13,1.6282089083761684e-27,4.003479677804373e-15,2.8047578086193112e-14,-0.005103106993849765,-0.005103103630763517,PASS
EXP0005-10-42,9f57a03923975cab,cavity_1d_pec,0.1,1.0,100.0,2.6,0.2,0.7853981633974483,cavitylab.native_fdtd1d_batch,128,1.0901552528878937e-12,float64,1.9949841127848455e-08,8.987081046063452e-14,0.0,3.004822100768407e-13,-2.106113996162059e-13,2.9030081312133234e-28,6.804536170790628e-15,2.7942858502568788e-14,-0.00510310050394926,-0.005103103630773555,PASS
EXP0005-11-00,84eecc53e0b85306,cavity_1d_pec,0.1,1.0,100.0,0.5,0.22,0.7853981633974483,cavitylab.native_fdtd1d_batch,128,1.0901552528878937e-12,float64,1.9949841127848455e-08,1.9733648285575197e-14,0.0,2.385026498817784e-13,-2.1876900159619942e-13,3.792843232302625e-27,1.571588805228989e-14,6.169743726764807e-16,-0.005125576176012303,-0.005125577300656948,PASS
EXP0005-11-01,fa037968ba7aa430,cavity_1d_pec,0.1,1.0,100.0,0.55,0.22,0.7853981633974483,cavitylab.native_fdtd1d_batch,128,1.0901552528878937e-12,float64,1.9949841127848455e-08,2.5323930371844477e-14,0.0,2.3786119326182186e-13,-2.1253726288997762e-13,-2.3665827156630354e-28,3.997445183678102e-15,7.268758345731873e-16,-0.0051255772129156505,-0.005125577300657659,PASS
EXP0005-11-02,7e9b2e63186317bd,cavity_1d_pec,0.1,1.0,100.0,0.6,0.22,0.7853981633974483,cavitylab.native_fdtd1d_batch,128,1.0901552528878937e-12,float64,1.9949841127848455e-08,1.8989597731725328e-14,0.0,2.3789795235313265e-13,-2.189083546214066e-13,7.35218363665983e-28,4.9709047781164545e-15,8.593672170464504e-16,-0.005125577724452463,-0.005125577300657286,PASS
EXP0005-11-03,24a583d5ea34359b,cavity_1d_pec,0.1,1.0,100.0,0.65,0.22,0.7853981633974483,cavitylab.native_fdtd1d_batch,128,1.0901552528878937e-12,float64,1.9949841127848455e-08,2.4584408144368642e-14,0.0,2.3723900430656236e-13,-2.126545961621979e-13,-4.1714964668087104e-27,1.5294854436144692e-14,9.853301517081084e-16,-0.005125576955419697,-0.005125577300657913,PASS
EXP0005-11-04,34f3ae3d1b9a8c62,cavity_1d_pec,0.1,1.0,100.0,0.7,0.22,0.7853981633974483,cavitylab.native_fdtd1d_batch,128,1.0901552528878937e-12,float64,1.9949841127848455e-08,1.791632583833004e-14,0.0,2.370424483981454e-13,-2.1912612255981455e-13,7.857054616001278e-28,6.941870942693182e-15,1.1349401801502317e-15,-0.005125577212916315,-0.005125577300657427,PASS
EXP0005-11-05,342a6ced95da634f,cavity_1d_pec,0.1,1.0,100.0,0.75,0.22,0.7853981633974483,cavitylab.native_fdtd1d_batch,128,1.0901552528878937e-12,float64,1.9949841127848455e-08,2.3571474241655826e-14,0.0,2.3633104334560255e-13,-2.1275956910394752e-13,-8.01482679704548e-28,5.850305093813368e-15,1.274449652992663e-15,-0.00512557617602479,-0.0051255773006578095,PASS
EXP0005-11-06,0332d11f0097be43,cavity_1d_pec,0.1,1.0,100.0,0.8,0.22,0.7853981633974483,cavitylab.native_fdtd1d_batch,128,1.0901552528878937e-12,float64,1.9949841127848455e-08,1.6687306603638468e-14,0.0,2.3607412251021734e-13,-2.1938681590657868e-13,1.8932661725304283e-28,5.186321216252346e-15,1.4395171323583548e-15,-0.005125576696775906,-0.005125577300656949,PASS
EXP0005-11-07,34d560bcbdd46154,cavity_1d_pec,0.1,1.0,100.0,0.8500000000000001,0.22,0.7853981633974483,cavitylab.native_fdtd1d_batch,128,1.0901552528878937e-12,float64,1.9949841127848455e-08,2.2387624228186002e-14,0.0,2.352467623143538e-13,-2.1285913808616613e-13,1.6881623371729653e-27,5.6503575751619155e-15,1.589228047480695e-15,-0.005125577212917044,-0.005125577300651813,PASS
EXP0005-11-08,68fa940cdb4280a9,cavity_1d_pec,0.1,1.0,100.0,0.9,0.22,0.7853981633974483,cavitylab.native_fdtd1d_batch,128,1.0901552528878937e-12,float64,1.9949841127848455e-08,1.5085985179555195e-14,0.0,2.348297857724745e-13,-2.1974380059291932e-13,-2.8398992587956425e-29,6.376584825141711e-15,1.7641694944598477e-15,-0.005125577724445784,-0.005125577300651562,PASS
EXP0005-11-09,a810327636a8cdfa,cavity_1d_pec,0.1,1.0,100.0,0.95,0.22,0.7853981633974483,cavitylab.native_fdtd1d_batch,128,1.0901552528878937e-12,float64,1.9949841127848455e-08,2.0936654733863202e-14,0.0,2.338839580534492e-13,-2.1294730331958755e-13,-1.5587891487167193e-27,7.626908153797357e-15,1.9202774887047616e-15,-0.005125575386289497,-0.0051255773006564686,PASS
EXP0005-11-10,d5407f4ac7a16a45,cavity_1d_pec,0.1,1.0,100.0,1.0,0.22,0.7853981633974483,cavitylab.native_fdtd1d_batch,128,1.0901552528878937e-12,float64,1.9949841127848455e-08,1.3078400300035035e-14,0.0,2.3328861845968456e-13,-2.202102181596465e-13,3.0386922069113375e-27,1.3498291069968372e-14,2.0982815147465954e-15,-0.005125578733656532,-0.005125577300652478,PASS
EXP0005-11-11,74fd7ee995efa48e,cavity_1d_pec,0.1,1.0,100.0,1.05,0.22,0.7853981633974483,cavitylab.native_fdtd1d_batch,128,1.0901552528878937e-12,float64,1.9949841127848455e-08,1.916618700363983e-14,0.0,2.321883851042094e-13,-2.130221981005695e-13,8.204153414298523e-29,5.2470211598533164e-15,2.2553974902117003e-15,-0.005125575386302771,-0.005125577300658049,PASS
EXP0005-11-12,18e5380660c55178,cavity_1d_pec,0.1,1.0,100.0,1.1,0.22,0.7853981633974483,cavitylab.native_fdtd1d_batch,128,1.0901552528878937e-12,float64,1.9949841127848455e-08,1.0568678324355038e-14,0.0,2.313802495117823e-13,-2.208115711874293e-13,-2.0431497445224206e-27,7.344838743012109e-15,2.4264336324959295e-15,-0.005125577212918625,-0.005125577300655438,PASS
EXP0005-11-13,2f10fa9374b9ae97,cavity_1d_pec,0.1,1.0,100.0,1.15,0.22,0.7853981633974483,cavitylab.native_fdtd1d_batch,128,1.0901552528878937e-12,float64,1.9949841127848455e-08,1.698933426049608e-14,0.0,2.300748412709588e-13,-2.130855070104623e-13,4.259848888193464e-28,3.984435646207938e-15,2.5771607874028507e-15,-0.005125579969177453,-0.005125577300657675,PASS
EXP0005-11-14,d32fa33aa27eca65,cavity_1d_pec,0.1,1.0,100.0,1.2000000000000002,0.22,0.7853981633974483,cavitylab.native_fdtd1d_batch,128,1.0901552528878937e-12,float64,1.9949841127848455e-08,7.42783251665724e-15,0.0,2.2900080374275926e-13,-2.215729712261026e-13,-5.664021299486865e-28,4.858966709680927e-15,2.7260690290010985e-15,-0.005125574586236811,-0.005125577300656006,PASS
EXP0005-11-15,8b00b5240dc4724a,cavity_1d_pec,0.1,1.0,100.0,1.25,0.22,0.7853981633974483,cavitylab.native_fdtd1d_batch,128,1.0901552528878937e-12,float64,1.9949841127848455e-08,1.4264186101869327e-14,0.0,2.274183828081424e-13,-2.1315419670627038e-13,2.678971634130556e-27,9.273849985992655e-15,2.8600071008736274e-15,-0.005125574854093196,-0.005125577300654536,PASS
EXP0005-11-16,fd2abc119593f1f6,cavity_1d_pec,0.1,1.0,100.0,1.3,0.22,0.7853981633974483,cavitylab.native_fdtd1d_batch,128,1.0901552528878937e-12,float64,1.9949841127848455e-08,3.4971109084830082e-15,0.0,2.2599964178165006e-13,-2.2250253087316772e-13,-6.610654385752079e-28,7.854977790443835e-15,2.963075499825137e-15,-0.005125580212782191,-0.005125577300652777,PASS
EXP0005-11-17,06ffbd4dd8f81773,cavity_1d_pec,0.1,1.0,100.0,1.35,0.22,0.7853981633974483,cavitylab.native_fdtd1d_batch,128,1.0901552528878937e-12,float64,1.9949841127848455e-08,1.0738394137607269e-14,0.0,2.240320638047992e-13,-2.1329366966719153e-13,4.02319061662716e-28,5.190514862866502e-15,3.0649612601403366e-15,-0.0051255777244308895,-0.005125577300653814,PASS
EXP0005-11-18,88633a46133f860a,cavity_1d_pec,0.1,1.0,100.0,1.4,0.22,0.7853981633974483,cavitylab.native_fdtd1d_batch,128,1.0901552528878937e-12,float64,1.9949841127848455e-08,-1.3768361849054e-15,0.0,2.2215177944542185e-13,-2.235286156303248e-13,2.4578933654423675e-27,8.94770081621038e-15,3.0835022034229733e-15,-0.005125580696561658,-0.0051255773006465425,PASS
EXP0005-11-19,147d5015af5fe78e,cavity_1d_pec,0.1,1.0,100.0,1.4500000000000002,0.22,0.7853981633974483,cavitylab.native_fdtd1d_batch,128,1.0901552528878937e-12,float64,1.9949841127848455e-08,5.904557848423545e-15,0.0,2.1962833674861695e-13,-2.137237789001952e-13,-1.7875588112308128e-27,7.0598083008638454e-15,3.1292981497703962e-15,-0.005125574047169395,-0.005125577300649394,PASS
EXP0005-11-20,d9d474d20cf795b9,cavity_1d_pec,0.1,1.0,100.0,1.5,0.22,0.7853981633974483,cavitylab.native_fdtd1d_batch,128,1.0901552528878937e-12,float64,1.9949841127848455e-08,-7.172155901865726e-15,0.0,2.1711461329010277e-13,-2.2428676919196729e-13,1.2101126286090321e-27,5.739079904466185e-15,2.997273250539163e-15,-0.005125576176090772,-0.005125577300655077,PASS
EXP0005-11-21,b6d4cfaf1d270600,cavity_1d_pec,0.1,1.0,100.0,1.55,0.22,0.7853981633974483,cavitylab.native_fdtd1d_batch,128,1.0901552528878937e-12,float64,1.9949841127848455e-08,-1.4118688768356837e-15,0.0,2.1375378953467164e-13,-2.1516565841150796e-13,-6.385829027764091e-28,5.944272853052604e-15,2.9435689140000928e-15,-0.005125580696508332,-0.00512557730066005,PASS
EXP0005-11-22,f5636782d1307302,cavity_1d_pec,0.1,1.0,100.0,1.6,0.22,0.7853981633974483,cavitylab.native_fdtd1d_batch,128,1.0901552528878937e-12,float64,1.9949841127848455e-08,-1.3022357369893229e-14,0.0,2.1036678120579638e-13,-2.2338913857568697e-13,2.6332177016277374e-27,1.3345629091166542e-14,2.5444059440346857e-15,-0.005125576696816447,-0.00512557730066073,PASS
EXP0005-11-23,8ba5829e1031cce2,cavity_1d_pec,0.1,1.0,100.0,1.6500000000000001,0.22,0.7853981633974483,cavitylab.native_fdtd1d_batch,128,1.0901552528878937e-12,float64,1.9949841127848455e-08,-1.4212260596240147e-14,0.0,2.0572160154654044e-13,-2.199338621427803e-13,2.997671439839845e-28,3.759405635242046e-15,2.2885323276037464e-15,-0.005125579969045494,-0.005125577300641929,PASS
EXP0005-11-24,c9cdc5d71206b100,cavity_1d_pec,0.1,1.0,100.0,1.7000000000000002,0.22,0.7853981633974483,cavitylab.native_fdtd1d_batch,128,1.0901552528878937e-12,float64,1.9949841127848455e-08,-1.5186336892132112e-14,0.0,2.0119423408531083e-13,-2.1638057097744377e-13,-8.204153414298523e-28,5.453418399363451e-15,1.4244638330436947e-15,-0.005125577212924011,-0.005125577300648013,PASS
EXP0005-11-25,c714996b6bb4ad13,cavity_1d_pec,0.1,1.0,100.0,1.75,0.22,0.7853981633974483,cavitylab.native_fdtd1d_batch,128,1.0901552528878937e-12,float64,1.9949841127848455e-08,-3.776987667882109e-14,0.0,1.9512007973530906e-13,-2.3288995641412907e-13,1.0854726055841122e-27,3.7949771073669855e-15,5.951900558925307e-16,-0.005125573503567073,-0.005125577300652254,PASS
EXP0005-11-26,a7ae55b6c994d9de,cavity_1d_pec,0.1,1.0,100.0,1.8,0.22,0.7853981633974483,cavitylab.native_fdtd1d_batch,128,1.0901552528878937e-12,float64,1.9949841127848455e-08,-1.4564616478560473e-14,0.0,1.896175575343798e-13,-2.0418217401293704e-13,3.2248633805434963e-27,1.1802214545546885e-14,-1.0040083395615557e-15,-0.0051255777244103235,-0.00512557730066093,PASS
EXP0005-11-27,5e404c176226a5ad,cavity_1d_pec,0.1,1.0,100.0,1.85,0.22,0.7853981633974483,cavitylab.native_fdtd1d_batch,128,1.0901552528878937e-12,float64,1.9949841127848455e-08,-1.5154843006497455e-14,0.0,1.9133612174357482e-13,-2.0649096475007077e-13,1.4988357199199224e-27,6.113037418563552e-15,-4.1301123351689235e-15,-0.005125572402429544,-0.00512557730066916,PASS
EXP0005-11-28,4e748b93f38c6ef4,cavity_1d_pec,0.1,1.0,100.0,1.9000000000000001,0.22,0.7853981633974483,cavitylab.native_fdtd1d_batch,128,1.0901552528878937e-12,float64,1.9949841127848455e-08,1.5966993485733662e-13,0.0,3.098166844279145e-13,-1.5014674957057978e-13,-1.8932661725304283e-27,6.121687834704807e-15,-1.7144407524644212e-14,-0.0051255802125848475,-0.005125577300656865,PASS
EXP0005-11-29,dd9361ae026d0142,cavity_1d_pec,0.1,1.0,100.0,1.9500000000000002,0.22,0.7853981633974483,cavitylab.native_fdtd1d_batch,128,1.0901552528878937e-12,float64,1.9949841127848455e-08,5.802074933435863e-09,0.0,6.919569438979757e-10,5.110117989537884e-09,-4.1359030627651384e-24,1.1405307543150797e-15,-1.857361003019832e-11,0.0378464457813795,0.037831997425873,PASS
EXP0005-11-30,f18592b9f2fc5f88,cavity_1d_pec,0.1,1.0,100.0,2.0,0.22,0.7853981633974483,cavitylab.native_fdtd1d_batch,128,1.0901552528878937e-12,float64,1.9949841127848455e-08,5.676611967741003e-06,0.0,5.206193994864105e-07,5.155992568254597e-06,5.082197683525802e-21,1.4714930120693486e-15,1.6330251730629337e-08,0.05013770049628616,0.05013126788811322,PASS
EXP0005-11-31,ec27504c278ff06c,cavity_1d_pec,0.1,1.0,100.0,2.05,0.22,0.7853981633974483,cavitylab.native_fdtd1d_batch,128,1.0901552528878937e-12,float64,1.9949841127848455e-08,1.1966538786155278e-05,0.0,1.2016021872200975e-06,1.076493659893522e-05,3.8963515573697816e-20,4.1054403297959555e-15,9.554515496070083e-08,0.04975969298258954,0.049758629267654925,PASS
EXP0005-11-32,d6a4c231facce174,cavity_1d_pec,0.1,1.0,100.0,2.1,0.22,0.7853981633974483,cavitylab.native_fdtd1d_batch,128,1.0901552528878937e-12,float64,1.9949841127848455e-08,3.0135127953540986e-07,0.0,4.118873833027411e-08,2.601625412051355e-07,-2.117582368135751e-22,9.95713532768454e-16,5.080162365029056e-09,0.03632789503094475,0.036373684328711554,PASS
EXP0005-11-33,101377beab3e9169,cavity_1d_pec,0.1,1.0,100.0,2.1500000000000004,0.22,0.7853981633974483,cavitylab.native_fdtd1d_batch,128,1.0901552528878937e-12,float64,1.9949841127848455e-08,2.5707036518300834e-12,0.0,2.3453941690931577e-12,2.2530948273691358e-13,-1.2116903504194741e-26,8.9499476240172e-15,3.514182095202716e-13,-0.005125579968867555,-0.005125577300656397,PASS
EXP0005-11-34,f3cea4133302a124,cavity_1d_pec,0.1,1.0,100.0,2.2,0.22,0.7853981633974483,cavitylab.native_fdtd1d_batch,128,1.0901552528878937e-12,float64,1.9949841127848455e-08,4.885665788976635e-13,0.0,7.044013696445177e-13,-2.15834790746851e-13,3.130200071916975e-27,4.012748283581087e-15,9.153739244437658e-14,-0.005125582584981111,-0.005125577300658865,PASS
EXP0005-11-35,4e3e8e5a78de3793,cavity_1d_pec,0.1,1.0,100.0,2.25,0.22,0.7853981633974483,cavitylab.native_fdtd1d_batch,128,1.0901552528878937e-12,float64,1.9949841127848455e-08,3.181732369236709e-13,0.0,5.1012743466352e-13,-1.9195419773984833e-13,8.077935669463161e-28,5.578615694309272e-15,6.148777240701643e-14,-0.005125579968826438,-0.005125577300654602,PASS
EXP0005-11-36,1a5efa8babbb25ac,cavity_1d_pec,0.1,1.0,100.0,2.3,0.22,0.7853981633974483,cavitylab.native_fdtd1d_batch,128,1.0901552528878937e-12,float64,1.9949841127848455e-08,2.7983024389629345e-13,0.0,4.3107235095333055e-13,-1.512421070570351e-13,1.9689968194316455e-27,6.442981123313472e-15,4.917491745084337e-14,-0.005125574047519485,-0.005125577300648339,PASS
EXP0005-11-37,9874e871e451fbca,cavity_1d_pec,0.1,1.0,100.0,2.35,0.22,0.7853981633974483,cavitylab.native_fdtd1d_batch,128,1.0901552528878937e-12,float64,1.9949841127848455e-08,1.7191274529500942e-13,0.0,3.8959390859820263e-13,-2.176811633031896e-13,3.60982750229135e-27,6.584754237026431e-15,4.331349045818643e-14,-0.005125580696134375,-0.005125577300645622,PASS
EXP0005-11-38,10649f41f2ed2b39,cavity_1d_pec,0.1,1.0,100.0,2.4000000000000004,0.22,0.7853981633974483,cavitylab.native_fdtd1d_batch,128,1.0901552528878937e-12,float64,1.9949841127848455e-08,1.8590537720598002e-13,0.0,3.658552955519822e-13,-1.7994991834600144e-13,7.32062920045099e-28,6.11818829377715e-15,4.0365759473084576e-14,-0.005125580696105883,-0.005125577300639046,PASS
EXP0005-11-39,17c7825890beaab2,cavity_1d_pec,0.1,1.0,100.0,2.45,0.22,0.7853981633974483,cavitylab.native_fdtd1d_batch,128,1.0901552528878937e-12,float64,1.9949841127848455e-08,1.3863315835343537e-13,0.0,3.471133487293272e-13,-2.084801903758948e-13,-3.003982327081613e-27,6.532959353635044e-15,3.792605517289441e-14,-0.005125578982782449,-0.005125577300628885,PASS
EXP0005-11-40,63f3a6e5472cd9ac,cavity_1d_pec,0.1,1.0,100.0,2.5,0.22,0.7853981633974483,cavitylab.native_fdtd1d_batch,128,1.0901552528878937e-12,float64,1.9949841127848455e-08,1.401857505492268e-13,0.0,3.3610236641355915e-13,-1.9591661586432894e-13,3.407879110554771e-27,7.385001855255326e-15,3.71472654470356e-14,-0.005125581175155642,-0.005125577300616698,PASS
EXP0005-11-41,cf17325a100b7e99,cavity_1d_pec,0.1,1.0,100.0,2.5500000000000003,0.22,0.7853981633974483,cavitylab.native_fdtd1d_batch,128,1.0901552528878937e-12,float64,1.9949841127848455e-08,1.2086835539619961e-13,0.0,3.2562966688766713e-13,-2.0476131149146532e-13,2.196188760135297e-27,7.857653460052598e-15,3.605266243629444e-14,-0.005125581412938286,-0.005125577300600461,PASS
EXP0005-11-42,0a52788c2885d544,cavity_1d_pec,0.1,1.0,100.0,2.6,0.22,0.7853981633974483,cavitylab.native_fdtd1d_batch,128,1.0901552528878937e-12,float64,1.9949841127848455e-08,1.1628039785885433e-13,0.0,3.192720525745388e-13,-2.0299165471568952e-13,-5.0487097934144756e-27,1.1537311511122287e-14,3.604548946560201e-14,-0.005125573504038228,-0.005125577300626696,PASS
EXP0005-12-00,af57091d68cd7e48,cavity_1d_pec,0.1,1.0,100.0,0.5,0.24,0.7853981633974483,cavitylab.native_fdtd1d_batch,128,1.0901552528878937e-12,float64,1.9949841127848455e-08,2.288340153144546e-14,0.0,2.440408952563972e-13,-2.2115749372494972e-13,2.0415720227119786e-27,8.024221288515027e-15,7.457195375574223e-16,-0.005150533923598637,-0.00515053527144189,PASS
EXP0005-12-01,b463f5b30bf5f5df,cavity_1d_pec,0.1,1.0,100.0,0.55,0.24,0.7853981633974483,cavitylab.native_fdtd1d_batch,128,1.0901552528878937e-12,float64,1.9949841127848455e-08,2.830979656893522e-14,0.0,2.433794167879278e-13,-2.1506962021899531e-13,-2.7578577246526573e-27,1.0035412146844514e-14,8.672320653059985e-16,-0.005150535165407486,-0.005150535271442958,PASS
EXP0005-12-02,de0c86a52f7ea20a,cavity_1d_pec,0.1,1.0,100.0,0.6,0.24,0.7853981633974483,cavitylab.native_fdtd1d_batch,128,1.0901552528878937e-12,float64,1.9949841127848455e-08,2.2172227329426845e-14,0.0,2.4336091488187067e-13,-2.2118868755244657e-13,-2.742080506548237e-27,1.0916455773947413e-14,1.0411462469864202e-15,-0.005150535778769079,-0.0051505352714421235,PASS
EXP0005-12-03,de58e7a82cfb7d38,cavity_1d_pec,0.1,1.0,100.0,0.65,0.24,0.7853981633974483,cavitylab.native_fdtd1d_batch,128,1.0901552528878937e-12,float64,1.9949841127848455e-08,2.7365885611094202e-14,0.0,2.426714459927029e-13,-2.1530556038160823e-13,4.859383176161433e-28,7.606371489293825e-15,1.1788589369280318e-15,-0.00515053485684236,-0.005150535271442473,PASS
EXP0005-12-04,cae7a9d4fa7f5311,cavity_1d_pec,0.1,1.0,100.0,0.7,0.24,0.7853981633974483,cavitylab.native_fdtd1d_batch,128,1.0901552528878937e-12,float64,1.9949841127848455e-08,2.1065723214674314e-14,0.0,2.423869044315379e-13,-2.2132118121686326e-13,3.34477023813709e-28,4.611735881992234e-15,1.3769191817560127e-15,-0.005150535165408222,-0.005150535271442331,PASS
EXP0005-12-05,8b4dae331c639ba6,cavity_1d_pec,0.1,1.0,100.0,0.75,0.24,0.7853981633974483,cavitylab.native_fdtd1d_batch,128,1.0901552528878937e-12,float64,1.9949841127848455e-08,2.6130236130860497e-14,0.0,2.416397155565503e-13,-2.1550947942569182e-13,-2.010017586503138e-27,1.2827544570215655e-14,1.5272432826004628e-15,-0.005150533923613456,-0.005150535271442221,PASS
EXP0005-12-06,46cb39532554c099,cavity_1d_pec,0.1,1.0,100.0,0.8,0.24,0.7853981633974483,cavitylab.native_fdtd1d_batch,128,1.0901552528878937e-12,float64,1.9949841127848455e-08,1.9814033531056708e-14,0.0,2.4130979567712473e-13,-2.2149576214606663e-13,1.3915506368098648e-27,7.725233607020088e-15,1.748173022833203e-15,-0.005150534547025619,-0.005150535271440835,PASS
EXP0005-12-07,db94e85d2b37cb57,cavity_1d_pec,0.1,1.0,100.0,0.8500000000000001,0.24,0.7853981633974483,cavitylab.native_fdtd1d_batch,128,1.0901552528878937e-12,float64,1.9949841127848455e-08,2.4724048609298055e-14,0.0,2.4042429173247847e-13,-2.1570024312318276e-13,-2.341339166695963e-27,1.068321149182526e-14,1.9064233107340257e-15,-0.005150535165409171,-0.005150535271439284,PASS
EXP0005-12-08,2727eaf29598daeb,cavity_1d_pec,0.1,1.0,100.0,0.9,0.24,0.7853981633974483,cavitylab.native_fdtd1d_batch,128,1.0901552528878937e-12,float64,1.9949841127848455e-08,1.8114077964950467e-14,0.0,2.3991817207946755e-13,-2.2180409411451848e-13,-1.3915506368098648e-27,7.93575308758694e-15,2.143740377408661e-15,-0.005150535778761139,-0.005150535271440037,PASS
EXP0005-12-09,c7584e4ca412bd25,cavity_1d_pec,0.1,1.0,100.0,0.95,0.24,0.7853981633974483,cavitylab.native_fdtd1d_batch,128,1.0901552528878937e-12,float64,1.9949841127848455e-08,2.30518235047184e-14,0.0,2.3890107823282185e-13,-2.1584925472810133e-13,2.1204581132340797e-27,8.914447391237466e-15,2.304585286958515e-15,-0.005150532979108134,-0.005150535271437291,PASS
EXP0005-12-10,a2794614fd15ced3,cavity_1d_pec,0.1,1.0,100.0,1.0,0.24,0.7853981633974483,cavitylab.native_fdtd1d_batch,128,1.0901552528878937e-12,float64,1.9949841127848455e-08,1.5924653110468842e-14,0.0,2.381987248321903e-13,-2.222740717217186e-13,2.8462101460374106e-27,1.1499346127018646e-14,2.550702657492046e-15,-0.005150536990359336,-0.0051505352714417175,PASS
EXP0005-12-11,d331772c2339859d,cavity_1d_pec,0.1,1.0,100.0,1.05,0.24,0.7853981633974483,cavitylab.native_fdtd1d_batch,128,1.0901552528878937e-12,float64,1.9949841127848455e-08,2.107656906857209e-14,0.0,2.370123320637522e-13,-2.1593576299518207e-13,-1.9500641577063412e-27,7.282547463637982e-15,2.7066592979201625e-15,-0.005150532979123817,-0.005150535271440353,PASS
EXP0005-12-12,c244dd07b5a6132e,cavity_1d_pec,0.1,1.0,100.0,1.1,0.24,0.7853981633974483,cavitylab.native_fdtd1d_batch,128,1.0901552528878937e-12,float64,1.9949841127848455e-08,1.311348877287896e-14,0.0,2.3607463101729206e-13,-2.229611422444144e-13,-1.3016204936146695e-27,7.212778926091364e-15,2.9502224098905633e-15,-0.00515053516541102,-0.0051505352714426664,PASS
EXP0005-12-13,fb857f2df76be845,cavity_1d_pec,0.1,1.0,100.0,1.15,0.24,0.7853981633974483,cavitylab.native_fdtd1d_batch,128,1.0901552528878937e-12,float64,1.9949841127848455e-08,1.8734854557770483e-14,0.0,2.346671298071623e-13,-2.159322752493927e-13,-8.803687702266492e-28,6.573811792143995e-15,3.0912372628174236e-15,-0.005150538476497969,-0.005150535271442164,PASS
EXP0005-12-14,28a630260b68ac9b,cavity_1d_pec,0.1,1.0,100.0,1.2000000000000002,0.24,0.7853981633974483,cavitylab.native_fdtd1d_batch,128,1.0901552528878937e-12,float64,1.9949841127848455e-08,9.494683506435e-15,0.0,2.334361101474005e-13,-2.2394142664096782e-13,-2.339761444885521e-27,1.198367065494497e-14,3.3147983167962983e-15,-0.005150532023353681,-0.005150535271437692,PASS
EXP0005-12-15,ef48daac449170b4,cavity_1d_pec,0.1,1.0,100.0,1.25,0.24,0.7853981633974483,cavitylab.native_fdtd1d_batch,128,1.0901552528878937e-12,float64,1.9949841127848455e-08,1.5922224054229666e-14,0.0,2.317320092225668e-13,-2.1580978516833996e-13,-2.8367438151747585e-27,1.1683701412052747e-14,3.4271533879334943e-15,-0.005150532343218947,-0.0051505352714352245,PASS
EXP0005-12-16,daaeb76a3bdcda7e,cavity_1d_pec,0.1,1.0,100.0,1.3,0.24,0.7853981633974483,cavitylab.native_fdtd1d_batch,128,1.0901552528878937e-12,float64,1.9949841127848455e-08,4.82467531271961e-15,0.0,2.301223948731086e-13,-2.2529771956038805e-13,9.545216953174243e-28,3.885372211384521e-15,3.602782685297246e-15,-0.005150538769904308,-0.005150535271435223,PASS
EXP0005-12-17,467ad990b46f9d5e,cavity_1d_pec,0.1,1.0,100.0,1.35,0.24,0.7853981633974483,cavitylab.native_fdtd1d_batch,128,1.0901552528878937e-12,float64,1.9949841127848455e-08,1.2441184340460804e-14,0.0,2.2800947318831816e-13,-2.1556828884785355e-13,3.797576397733951e-27,1.3060397544293796e-14,3.667394050180716e-15,-0.005150535778743493,-0.0051505352714342955,PASS
EXP0005-12-18,270ac4de717b5ac8,cavity_1d_pec,0.1,1.0,100.0,1.4,0.24,0.7853981633974483,cavitylab.native_fdtd1d_batch,128,1.0901552528878937e-12,float64,1.9949841127848455e-08,-1.1609460775919912e-15,0.0,2.2589702883230476e-13,-2.2705797490989819e-13,-1.4386850758968203e-27,1.1322965507047616e-14,3.748140375216374e-15,-0.005150539352978231,-0.005150535271436402,PASS
EXP0005-12-19,0e1c2cdf5dda6d76,cavity_1d_pec,0.1,1.0,100.0,1.4500000000000002,0.24,0.7853981633974483,cavitylab.native_fdtd1d_batch,128,1.0901552528878937e-12,float64,1.9949841127848455e-08,7.837004855281115e-15,0.0,2.231985559458212e-13,-2.1536155109054291e-13,-2.8383215369852005e-27,1.188350033586043e-14,3.737355403301507e-15,-0.005150531379973589,-0.005150535271441648,PASS
EXP0005-12-20,aebe3bcf2afa5286,cavity_1d_pec,0.1,1.0,100.0,1.5,0.24,0.7853981633974483,cavitylab.native_fdtd1d_batch,128,1.0901552528878937e-12,float64,1.9949841127848455e-08,-8.505907622634915e-15,0.0,2.2040767577073403e-13,-2.289135833933668e-13,2.131502165907174e-27,7.108955115475766e-15,3.640116104001114e-15,-0.00515053392369177,-0.005150535271447121,PASS
EXP0005-12-21,8610cabee9fac97e,cavity_1d_pec,0.1,1.0,100.0,1.55,0.24,0.7853981633974483,cavitylab.native_fdtd1d_batch,128,1.0901552528878937e-12,float64,1.9949841127848455e-08,8.409674224518909e-16,0.0,2.1683099140803377e-13,-2.1599002398558113e-13,7.521788731282348e-28,4.15885981938978e-15,3.5088732787852047e-15,-0.00515053935291482,-0.00515053527143068,PASS
EXP0005-12-22,86aa23149bcd9bd2,cavity_1d_pec,0.1,1.0,100.0,1.6,0.24,0.7853981633974483,cavitylab.native_fdtd1d_batch,128,1.0901552528878937e-12,float64,1.9949841127848455e-08,-1.59412178828436e-14,0.0,2.1314458338194093e-13,-2.290858012647861e-13,-1.5714109232002555e-27,6.129962417535541e-15,3.0816193784762014e-15,-0.005150534547073775,-0.005150535271435933,PASS
EXP0005-12-23,a075b288b0d80650,cavity_1d_pec,0.1,1.0,100.0,1.6500000000000001,0.24,0.7853981633974483,cavitylab.native_fdtd1d_batch,128,1.0901552528878937e-12,float64,1.9949841127848455e-08,-1.2453242804966569e-14,0.0,2.082282809494019e-13,-2.2068152375436755e-13,9.135009282459317e-28,4.407677536751208e-15,2.726152966206082e-15,-0.005150538476341151,-0.005150535271445771,PASS
EXP0005-12-24,e8bdefbabb54eec6,cavity_1d_pec,0.1,1.0,100.0,1.7000000000000002,0.24,0.7853981633974483,cavitylab.native_fdtd1d_batch,128,1.0901552528878937e-12,float64,1.9949841127848455e-08,-1.7251270972869115e-14,0.0,2.035181226371626e-13,-2.2076939361003258e-13,-8.67746995743113e-28,5.855140629473113e-15,1.7116451044924684e-15,-0.005150535165417442,-0.005150535271450898,PASS
EXP0005-12-25,08187d594200a33b,cavity_1d_pec,0.1,1.0,100.0,1.75,0.24,0.7853981633974483,cavitylab.native_fdtd1d_batch,128,1.0901552528878937e-12,float64,1.9949841127848455e-08,-3.94663287595825e-14,0.0,1.9735479528865863e-13,-2.3682112404824186e-13,-7.194411455615628e-28,4.636848146823449e-15,6.978592410416624e-16,-0.0051505307316539505,-0.005150535271448297,PASS
EXP0005-12-26,ee05ccc9874f9489,cavity_1d_pec,0.1,1.0,100.0,1.8,0.24,0.7853981633974483,cavitylab.native_fdtd1d_batch,128,1.0901552528878937e-12,float64,1.9949841127848455e-08,-1.4851517411601063e-14,0.0,1.9237963909396624e-13,-2.0723115650556605e-13,1.2558665611118508e-27,5.570127708778392e-15,-1.1937481961699632e-15,-0.005150535778719052,-0.0051505352714443725,PASS
EXP0005-12-27,97d03bb474115b86,cavity_1d_pec,0.1,1.0,100.0,1.85,0.24,0.7853981633974483,cavitylab.native_fdtd1d_batch,128,1.0901552528878937e-12,float64,1.9949841127848455e-08,-1.279113562292361e-15,0.0,1.9763862560922952e-13,-1.9891773917152225e-13,-3.6918690364343352e-28,3.0040019413627367e-15,-4.939034765382524e-15,-0.005150529419806518,-0.005150535271439818,PASS
EXP0005-12-28,b398005fffe120e9,cavity_1d_pec,0.1,1.0,100.0,1.9000000000000001,0.24,0.7853981633974483,cavitylab.native_fdtd1d_batch,128,1.0901552528878937e-12,float64,1.9949841127848455e-08,5.032893522599462e-13,0.0,6.769099227158936e-13,-1.7362057045595156e-13,-4.13994203059987e-27,5.5697299499257326e-15,-4.7470560111169054e-14,-0.0051505387696698605,-0.00515053527142847,PASS
EXP0005-12-29,c199849879288117,cavity_1d_pec,0.1,1.0,100.0,1.9500000000000002,0.24,0.7853981633974483,cavitylab.native_fdtd1d_batch,128,1.0901552528878937e-12,float64,1.9949841127848455e-08,5.537799339568392e-08,0.0,5.941350375034253e-09,4.9436643020649594e-08,-7.279189390466644e-23,1.314455245508042e-15,-1.2983417426561565e-10,0.042999380643896114,0.04298578016169808,PASS
EXP0005-12-30,df75bfb7299809f5,cavity_1d_pec,0.1,1.0,100.0,2.0,0.24,0.7853981633974483,cavitylab.native_fdtd1d_batch,128,1.0901552528878937e-12,float64,1.9949841127848455e-08,3.7680254589121884e-05,0.0,3.173613018330559e-06,3.4506641570791364e-05,4.0657581468206416e-20,1.5947822138800384e-15,1.1913128981461504e-07,0.05518887043877314,0.055181816939960014,PASS
EXP0005-12-31,54c4af45cb89cdf7,cavity_1d_pec,0.1,1.0,100.0,2.05,0.24,0.7853981633974483,cavitylab.native_fdtd1d_batch,128,1.0901552528878937e-12,float64,1.9949841127848455e-08,0.00010402280803310225,0.0,9.486694254722139e-06,9.453611377837995e-05,-1.6263032587282567e-19,1.5634102649975885e-15,8.073173784038255e-07,0.05579289363156001,0.05579264725988525,PASS
EXP0005-12-32,6e52d4aba7d8c177,cavity_1d_pec,0.1,1.0,100.0,2.1,0.24,0.7853981633974483,cavitylab.native_fdtd1d_batch,128,1.0901552528878937e-12,float64,1.9949841127848455e-08,6.124819427252556e-06,0.0,6.976053129038619e-07,5.4272141143487095e-06,1.5246593050577406e-20,2.3520681669885605e-15,9.03692586710484e-08,0.04520555846167406,0.04524091132237478,PASS
EXP0005-12-33,2fc57a559b4a8ecb,cavity_1d_pec,0.1,1.0,100.0,2.1500000000000004,0.24,0.7853981633974483,cavitylab.native_fdtd1d_batch,128,1.0901552528878937e-12,float64,1.9949841127848455e-08,1.1417988634051051e-10,0.0,5.123289371038057e-11,6.294699263012986e-11,-7.754818242684634e-26,4.760572992178301e-15,9.023320051448116e-12,0.00535063638884582,0.005602635464248079,PASS
EXP0005-12-34,3af8c874a25ba743,cavity_1d_pec,0.1,1.0,100.0,2.2,0.24,0.7853981633974483,cavitylab.native_fdtd1d_batch,128,1.0901552528878937e-12,float64,1.9949841127848455e-08,9.596452037458554e-13,0.0,9.521232746983825e-13,7.521929047465624e-15,-7.270142102516845e-27,4.628056875350657e-15,1.4760644442729026e-13,-0.005150541634275219,-0.005150535271422667,PASS
EXP0005-12-35,0c3b727175a0528a,cavity_1d_pec,0.1,1.0,100.0,2.25,0.24,0.7853981633974483,cavitylab.native_fdtd1d_batch,128,1.0901552528878937e-12,float64,1.9949841127848455e-08,4.769552252394771e-13,0.0,5.99097568410502e-13,-1.221423431710244e-13,5.048709793414476e-28,2.511390839661779e-15,8.557883570379983e-14,-0.0051505384760806815,-0.0051505352714301565,PASS
EXP0005-12-36,373fb78fc7384a50,cavity_1d_pec,0.1,1.0,100.0,2.3,0.24,0.7853981633974483,cavitylab.native_fdtd1d_batch,128,1.0901552528878937e-12,float64,1.9949841127848455e-08,2.8812656252863153e-13,0.0,4.862614494822512e-13,-1.9813488695362547e-13,-5.806016262426647e-27,9.940623900930873e-15,6.60821480562405e-14,-0.005150531380389315,-0.005150535271427408,PASS
EXP0005-12-37,5d39f634b2a15c14,cavity_1d_pec,0.1,1.0,100.0,2.35,0.24,0.7853981633974483,cavitylab.native_fdtd1d_batch,128,1.0901552528878937e-12,float64,1.9949841127848455e-08,2.2945065984894973e-13,0.0,4.330941660008485e-13,-2.036435061519004e-13,-1.6155871338926322e-27,6.565183584438788e-15,5.77893588719264e-14,-0.005150539352470058,-0.005150535271424823,PASS
EXP0005-12-38,3927e1bf155456d9,cavity_1d_pec,0.1,1.0,100.0,2.4000000000000004,0.24,0.7853981633974483,cavitylab.native_fdtd1d_batch,128,1.0901552528878937e-12,float64,1.9949841127848455e-08,2.268117864139735e-13,0.0,3.983088236227891e-13,-1.7149703720881772e-13,-2.1204581132340797e-27,4.9294779872113745e-15,5.205940896135887e-14,-0.005150539352436186,-0.005150535271412082,PASS
EXP0005-12-39,88db68f5cf065b91,cavity_1d_pec,0.1,1.0,100.0,2.45,0.24,0.7853981633974483,cavitylab.native_fdtd1d_batch,128,1.0901552528878937e-12,float64,1.9949841127848455e-08,1.5413338964486098e-13,0.0,3.764606909536321e-13,-2.2232730130876717e-13,3.963237187830363e-27,7.671892098457615e-15,4.92682392377876e-14,-0.005150537289764619,-0.0051505352713988725,PASS
EXP0005-12-40,7febbf70dadf621f,cavity_1d_pec,0.1,1.0,100.0,2.5,0.24,0.7853981633974483,cavitylab.native_fdtd1d_batch,128,1.0901552528878937e-12,float64,1.9949841127848455e-08,1.830728427970426e-13,0.0,3.609987134786924e-13,-1.7792587068164568e-13,4.1146984816327976e-27,8.999547968368404e-15,4.7337151742138446e-14,-0.0051505399303388485,-0.005150535271378595,PASS
EXP0005-12-41,3004801473b3bdbd,cavity_1d_pec,0.1,1.0,100.0,2.5500000000000003,0.24,0.7853981633974483,cavitylab.native_fdtd1d_batch,128,1.0901552528878937e-12,float64,1.9949841127848455e-08,1.265103456587878e-13,0.0,3.485939472207251e-13,-2.2208360156193617e-13,1.1107161545511846e-27,2.9616893187839618e-15,4.609756510152302e-14,-0.005150540217388513,-0.005150535271334103,PASS
EXP0005-12-42,3c4ae6d3534c283e,cavity_1d_pec,0.1,1.0,100.0,2.6,0.24,0.7853981633974483,cavitylab.native_fdtd1d_batch,128,1.0901552528878937e-12,float64,1.9949841127848455e-08,1.5405930938290247e-13,0.0,3.401947159917831e-13,-1.8613540660888413e-13,-3.5088533064230605e-27,8.635619014736362e-15,4.5633660997873604e-14,-0.0051505307322134595,-0.0051505352712928045,PASS
EXP0005-13-00,d2a6a647510a9a1a,cavity_1d_pec,0.1,1.0,100.0,0.5,0.26,0.7853981633974483,cavitylab.native_fdtd1d_batch,128,1.0901552528878937e-12,float64,1.9949841127848455e-08,2.651834660021706e-14,0.0,2.49773193584607e-13,-2.2325484698439176e-13,-1.798602863903907e-27,7.76621195806477e-15,8.849618287677201e-16,-0.005178079789265226,-0.005178081383345686,PASS
EXP0005-13-01,91b93fb66a4cabbf,cavity_1d_pec,0.1,1.0,100.0,0.55,0.26,0.7853981633974483,cavitylab.native_fdtd1d_batch,128,1.0901552528878937e-12,float64,1.9949841127848455e-08,3.08322678017119e-14,0.0,2.4902811351900964e-13,-2.1819584571729706e-13,6.815758221109542e-28,4.081660975690615e-15,1.0261538772334408e-15,-0.005178081257125589,-0.005178081383346648,PASS
EXP0005-13-02,7f75f728a8c7a753,cavity_1d_pec,0.1,1.0,100.0,0.6,0.26,0.7853981633974483,cavitylab.native_fdtd1d_batch,128,1.0901552528878937e-12,float64,1.9949841127848455e-08,2.5946734767541454e-14,0.0,2.4900928074572765e-13,-2.2306254597818962e-13,-3.420500885038307e-27,1.1245025092307081e-14,1.238915726781076e-15,-0.0051780819828850955,-0.005178081383345811,PASS
EXP0005-13-03,2e95d419d2ae23f3,cavity_1d_pec,0.1,1.0,100.0,0.65,0.26,0.7853981633974483,cavitylab.native_fdtd1d_batch,128,1.0901552528878937e-12,float64,1.9949841127848455e-08,2.954152957528907e-14,0.0,2.4823322308261547e-13,-2.1869169350732697e-13,-5.679798517591285e-28,4.851582243695834e-15,1.39845473585706e-15,-0.005178080892204769,-0.005178081383346475,PASS
EXP0005-13-04,e5c4553b0f01f5b7,cavity_1d_pec,0.1,1.0,100.0,0.7,0.26,0.7853981633974483,cavitylab.native_fdtd1d_batch,128,1.0901552528878937e-12,float64,1.9949841127848455e-08,2.49353978671528e-14,0.0,2.479011105212295e-13,-2.2296571265407883e-13,-2.126769000475848e-27,9.541181091446834e-15,1.641214329959453e-15,-0.005178081257126461,-0.005178081383345084,PASS
EXP0005-13-05,d621335a110959ed,cavity_1d_pec,0.1,1.0,100.0,0.75,0.26,0.7853981633974483,cavitylab.native_fdtd1d_batch,128,1.0901552528878937e-12,float64,1.9949841127848455e-08,2.7923156759636672e-14,0.0,2.4707331843329163e-13,-2.191501616736569e-13,-1.931131495981037e-27,1.0044075586804495e-14,1.8141139720183668e-15,-0.005178079789282533,-0.005178081383344785,PASS
EXP0005-13-06,9b31e17ef3a642ba,cavity_1d_pec,0.1,1.0,100.0,0.8,0.26,0.7853981633974483,cavitylab.native_fdtd1d_batch,128,1.0901552528878937e-12,float64,1.9949841127848455e-08,2.3811978457183623e-14,0.0,2.467067750429116e-13,-2.228947965857245e-13,3.464677095730684e-27,1.0959594970404714e-14,2.086371168659958e-15,-0.005178080525928593,-0.005178081383331162,PASS
EXP0005-13-07,cb408c728cbe4726,cavity_1d_pec,0.1,1.0,100.0,0.8500000000000001,0.26,0.7853981633974483,cavitylab.native_fdtd1d_batch,128,1.0901552528878937e-12,float64,1.9949841127848455e-08,2.6142143916559893e-14,0.0,2.4572284930862394e-13,-2.1958070539206337e-13,6.815758221109542e-28,7.534373359183249e-15,2.266145236911549e-15,-0.00517808125712751,-0.00517808138334125,PASS
EXP0005-13-08,ff926b6aeb7bd6e9,cavity_1d_pec,0.1,1.0,100.0,0.9,0.26,0.7853981633974483,cavitylab.native_fdtd1d_batch,128,1.0901552528878937e-12,float64,1.9949841127848455e-08,2.2187455964027547e-14,0.0,2.4515447441489627e-13,-2.2296701845087097e-13,-2.2466758580694416e-27,8.997829496820612e-15,2.560687168294604e-15,-0.005178081982875787,-0.005178081383340651,PASS
EXP0005-13-09,fb33170bc6105e70,cavity_1d_pec,0.1,1.0,100.0,0.95,0.26,0.7853981633974483,cavitylab.native_fdtd1d_batch,128,1.0901552528878937e-12,float64,1.9949841127848455e-08,2.409138490430539e-14,0.0,2.44033058092716e-13,-2.1994167318840825e-13,2.347650053937731e-27,7.94488462865036e-15,2.739787992843154e-15,-0.005178078674148522,-0.005178081383345402,PASS
EXP0005-13-10,b0d10b6995562c5f,cavity_1d_pec,0.1,1.0,100.0,1.0,0.26,0.7853981633974483,cavitylab.native_fdtd1d_batch,128,1.0901552528878937e-12,float64,1.9949841127848455e-08,2.00136995364794e-14,0.0,2.4324207032076955e-13,-2.232283707842909e-13,-7.415292509077511e-28,4.32747936543382e-15,3.0488396453158064e-15,-0.005178083418007404,-0.005178081383344488,PASS
EXP0005-13-11,66b13588be10f8f4,cavity_1d_pec,0.1,1.0,100.0,1.05,0.26,0.7853981633974483,cavitylab.native_fdtd1d_batch,128,1.0901552528878937e-12,float64,1.9949841127848455e-08,2.1754916773711794e-14,0.0,2.419438101605807e-13,-2.201888933868718e-13,-2.8935418003506713e-27,1.3265210699180813e-14,3.2165921313272846e-15,-0.005178078674166916,-0.00517808138334583,PASS
EXP0005-13-12,850938cb377f4496,cavity_1d_pec,0.1,1.0,100.0,1.1,0.26,0.7853981633974483,cavitylab.native_fdtd1d_batch,128,1.0901552528878937e-12,float64,1.9949841127848455e-08,1.711529615771536e-14,0.0,2.4088732762437803e-13,-2.23772031466664e-13,-1.3189754335295317e-27,8.03913775849493e-15,3.5284173076403683e-15,-0.005178081257129703,-0.005178081383343619,PASS
EXP0005-13-13,9a1e3936285ebcc7,cavity_1d_pec,0.1,1.0,100.0,1.15,0.26,0.7853981633974483,cavitylab.native_fdtd1d_batch,128,1.0901552528878937e-12,float64,1.9949841127848455e-08,1.910554041021694e-14,0.0,2.39359684617051e-13,-2.202541442068367e-13,-2.6284845361964113e-27,9.141490654433658e-15,3.670479661855105e-15,-0.005178085181195685,-0.005178081383341559,PASS
EXP0005-13-14,d2740c4dc161953a,cavity_1d_pec,0.1,1.0,100.0,1.2000000000000002,0.26,0.7853981633974483,cavitylab.native_fdtd1d_batch,128,1.0901552528878937e-12,float64,1.9949841127848455e-08,1.3228842472585357e-14,0.0,2.3797545448680996e-13,-2.2474661201422477e-13,-1.6566079009641248e-28,4.8243906688353425e-15,3.966802410228146e-15,-0.0051780775468347785,-0.005178081383342104,PASS
EXP0005-13-15,0089397272ed36db,cavity_1d_pec,0.1,1.0,100.0,1.25,0.26,0.7853981633974483,cavitylab.native_fdtd1d_batch,128,1.0901552528878937e-12,float64,1.9949841127848455e-08,1.6106512752406864e-14,0.0,2.3614061639455433e-13,-2.2003410364214676e-13,7.068193710780266e-28,5.858837857395597e-15,4.063770428569563e-15,-0.005178077923995107,-0.005178081383338754,PASS
EXP0005-13-16,c1e515110e65fae6,cavity_1d_pec,0.1,1.0,100.0,1.3,0.26,0.7853981633974483,cavitylab.native_fdtd1d_batch,128,1.0901552528878937e-12,float64,1.9949841127848455e-08,7.973978668834824e-15,0.0,2.3433753596772484e-13,-2.2636355729888868e-13,1.3300194862026259e-27,4.624790033227431e-15,4.314545660503134e-15,-0.005178085529689462,-0.005178081383335669,PASS
EXP0005-13-17,570be40790f49b88,cavity_1d_pec,0.1,1.0,100.0,1.35,0.26,0.7853981633974483,cavitylab.native_fdtd1d_batch,128,1.0901552528878937e-12,float64,1.9949841127848455e-08,1.2682409260771687e-14,0.0,2.3208206961976006e-13,-2.1939966035898948e-13,-1.1138715981720687e-27,4.532021841323429e-15,4.340303995417817e-15,-0.005178081982855076,-0.00517808138333813,PASS
EXP0005-13-18,a960acd34c490ea6,cavity_1d_pec,0.1,1.0,100.0,1.4,0.26,0.7853981633974483,cavitylab.native_fdtd1d_batch,128,1.0901552528878937e-12,float64,1.9949841127848455e-08,8.580366422586042e-16,0.0,2.2972875922337706e-13,-2.288707225811176e-13,8.786924408030545e-28,3.904763190104746e-15,4.492861847471704e-15,-0.005178086222629894,-0.005178081383338218,PASS
EXP0005-13-19,3ba7a7a190e75d7c,cavity_1d_pec,0.1,1.0,100.0,1.4500000000000002,0.26,0.7853981633974483,cavitylab.native_fdtd1d_batch,128,1.0901552528878937e-12,float64,1.9949841127848455e-08,8.567060338649556e-15,0.0,2.268753825963041e-13,-2.1830832225765469e-13,-1.4515040656066617e-28,5.063771520185728e-15,4.412559389947229e-15,-0.005178076788571403,-0.005178081383333904,PASS
EXP0005-13-20,91c5d7dd898e458a,cavity_1d_pec,0.1,1.0,100.0,1.5,0.26,0.7853981633974483,cavitylab.native_fdtd1d_batch,128,1.0901552528878937e-12,float64,1.9949841127848455e-08,-8.45357665338446e-15,0.0,2.2379231646051507e-13,-2.3224589311390204e-13,-2.5133108440341436e-27,8.693860841682402e-15,4.368095244956669e-15,-0.005178079789374217,-0.005178081383340389,PASS
EXP0005-13-21,f99052d5e8e4255c,cavity_1d_pec,0.1,1.0,100.0,1.55,0.26,0.7853981633974483,cavitylab.native_fdtd1d_batch,128,1.0901552528878937e-12,float64,1.9949841127848455e-08,2.6027030421685022e-15,0.0,2.2004430147442023e-13,-2.1744159843225595e-13,-4.2192225515745816e-27,1.6531467116016042e-14,4.133788172844992e-15,-0.00517808622255553,-0.005178081383349473,PASS
EXP0005-13-22,46b968cff9de7435,cavity_1d_pec,0.1,1.0,100.0,1.6,0.26,0.7853981633974483,cavitylab.native_fdtd1d_batch,128,1.0901552528878937e-12,float64,1.9949841127848455e-08,-1.851361877606814e-14,0.0,2.1604153687447302e-13,-2.34555155650542e-13,-8.298816722925044e-28,2.7754016504646992e-15,3.698816990226112e-15,-0.0051780805259849455,-0.005178081383338491,PASS
EXP0005-13-23,c629bfc69e507cac,cavity_1d_pec,0.1,1.0,100.0,1.6500000000000001,0.26,0.7853981633974483,cavitylab.native_fdtd1d_batch,128,1.0901552528878937e-12,float64,1.9949841127848455e-08,-1.0126383411112036e-14,0.0,2.1091790181191853e-13,-2.2104428522303187e-13,-1.3016204936146695e-27,6.0022935884051766e-15,3.214758280304746e-15,-0.0051780851810118616,-0.005178081383339989,PASS
EXP0005-13-24,7acc459118b79be0,cavity_1d_pec,0.1,1.0,100.0,1.7000000000000002,0.26,0.7853981633974483,cavitylab.native_fdtd1d_batch,128,1.0901552528878937e-12,float64,1.9949841127848455e-08,-1.9699711176637312e-14,0.0,2.0604854903864388e-13,-2.257482602152841e-13,-2.9219407929386277e-27,1.0505307039281416e-14,2.048656895746598e-15,-0.005178081257137234,-0.005178081383345018,PASS
EXP0005-13-25,f70e66c0f25d0431,cavity_1d_pec,0.1,1.0,100.0,1.75,0.26,0.7853981633974483,cavitylab.native_fdtd1d_batch,128,1.0901552528878937e-12,float64,1.9949841127848455e-08,-4.078535228716065e-14,0.0,1.9988449083717876e-13,-2.4066984312433837e-13,1.0412963948917356e-27,3.380466684012575e-15,8.302165191641862e-16,-0.005178076024965232,-0.005178081383348629,PASS
EXP0005-13-26,03829dbc8a1da4d3,cavity_1d_pec,0.1,1.0,100.0,1.8,0.26,0.7853981633974483,cavitylab.native_fdtd1d_batch,128,1.0901552528878937e-12,float64,1.9949841127848455e-08,-1.583486482955515e-14,0.0,1.9569216606776981e-13,-2.115270308973255e-13,-5.301145283085199e-28,5.211031248461104e-15,-1.3864524307366547e-15,-0.005178081982826459,-0.005178081383350798,PASS
EXP0005-13-27,41074085f98a9639,cavity_1d_pec,0.1,1.0,100.0,1.85,0.26,0.7853981633974483,cavitylab.native_fdtd1d_batch,128,1.0901552528878937e-12,float64,1.9949841127848455e-08,5.177385918858662e-15,0.0,2.0547927138288298e-13,-2.0030188546402356e-13,7.588841908226134e-28,9.885768432926091e-15,-5.8381798854268784e-15,-0.005178074481267833,-0.005178081383349961,PASS
EXP0005-13-28,4f04ec293ba40f52,cavity_1d_pec,0.1,1.0,100.0,1.9000000000000001,0.26,0.7853981633974483,cavitylab.native_fdtd1d_batch,128,1.0901552528878937e-12,float64,1.9949841127848455e-08,1.021005446947876e-11,0.0,3.4140018833979973e-12,6.796052586080705e-12,-5.816113682013476e-26,5.739059933946584e-15,-2.6338888320527777e-13,0.006588590073282874,0.006343948191003663,PASS
EXP0005-13-29,176ca73d06bf265b,cavity_1d_pec,0.1,1.0,100.0,1.9500000000000002,0.26,0.7853981633974483,cavitylab.native_fdtd1d_batch,128,1.0901552528878937e-12,float64,1.9949841127848455e-08,4.555789457800767e-07,0.0,4.4601416572586004e-08,4.1097752920749007e-07,-6.352747104407253e-22,2.0916507983691826e-15,-7.343329285878454e-10,0.0480384633409966,0.04802545312891841,PASS
EXP0005-13-30,c58e4cdb03e2ad37,cavity_1d_pec,0.1,1.0,100.0,2.0,0.26,0.7853981633974483,cavitylab.native_fdtd1d_batch,128,1.0901552528878937e-12,float64,1.9949841127848455e-08,0.0002514125289684689,0.0,1.9585819928103612e-05,0.00023182670904036478,-5.421010862427522e-19,2.1230141555399708e-15,8.671364306414055e-07,0.06025085850463054,0.06024317519924376,PASS
EXP0005-13-31,aaa26697125c3665,cavity_1d_pec,0.1,1.0,100.0,2.05,0.26,0.7853981633974483,cavitylab.native_fdtd1d_batch,128,1.0901552528878937e-12,float64,1.9949841127848455e-08,0.0008968455498155673,0.0,7.513454898829889e-05,0.0008217110008272686,2.168404344971009e-19,1.2089062299617434e-15,6.846385836387927e-06,0.0617592999425419,0.06175978136921345,PASS
EXP0005-13-32,cb7db60964f2c01a,cavity_1d_pec,0.1,1.0,100.0,2.1,0.26,0.7853981633974483,cavitylab.native_fdtd1d_batch,128,1.0901552528878937e-12,float64,1.9949841127848455e-08,0.00010552903649676501,0.0,1.0442109442973011e-05,9.508692705379197e-05,-2.710505431213761e-20,1.396071603273467e-15,1.4263933051356076e-06,0.05338362084877591,0.05341180498606866,PASS
EXP0005-13-33,0c02753bd047e1ef,cavity_1d_pec,0.1,1.0,100.0,2.1500000000000004,0.26,0.7853981633974483,cavitylab.native_fdtd1d_batch,128,1.0901552528878937e-12,float64,1.9949841127848455e-08,4.475210859421808e-08,0.0,8.099749819650752e-09,3.665235877456738e-08,4.632211430296955e-23,1.5236457989889633e-15,1.498801763247451e-09,0.028453126890134735,0.028529246305922025,PASS
EXP0005-13-34,80759249b6ef62dc,cavity_1d_pec,0.1,1.0,100.0,2.2,0.26,0.7853981633974483,cavitylab.native_fdtd1d_batch,128,1.0901552528878937e-12,float64,1.9949841127848455e-08,1.287304692348257e-12,0.0,1.4712820081135884e-12,-1.839773157653452e-13,-1.3934439029823953e-26,5.842298025926964e-15,2.6981648676016565e-13,-0.005178088939083332,-0.005178081383331154,PASS
EXP0005-13-35,291a28f8f1bc54a8,cavity_1d_pec,0.1,1.0,100.0,2.25,0.26,0.7853981633974483,cavitylab.native_fdtd1d_batch,128,1.0901552528878937e-12,float64,1.9949841127848455e-08,5.104873181571756e-13,0.0,7.367073892269333e-13,-2.2622007106975993e-13,-2.2214323091023692e-27,7.0048941950675606e-15,1.2407376781097345e-13,-0.005178085180706382,-0.005178081383326085,PASS
EXP0005-13-36,54c4f492e2473bc8,cavity_1d_pec,0.1,1.0,100.0,2.3,0.26,0.7853981633974483,cavitylab.native_fdtd1d_batch,128,1.0901552528878937e-12,float64,1.9949841127848455e-08,3.74233368029368e-13,0.0,5.641447645268586e-13,-1.899113964974917e-13,-1.0602290566170399e-27,3.917356249816858e-15,9.085487366587101e-14,-0.005178076789058374,-0.0051780813833165965,PASS
EXP0005-13-37,5880aa841ab0fa26,cavity_1d_pec,0.1,1.0,100.0,2.35,0.26,0.7853981633974483,cavitylab.native_fdtd1d_batch,128,1.0901552528878937e-12,float64,1.9949841127848455e-08,3.2187382059343026e-13,0.0,4.820633884226569e-13,-1.6018956782922981e-13,-3.2311742677852644e-27,5.766366659716448e-15,7.527075066725184e-14,-0.005178086222033794,-0.0051780813833043875,PASS
EXP0005-13-38,f7e4db4dce747013,cavity_1d_pec,0.1,1.0,100.0,2.4000000000000004,0.26,0.7853981633974483,cavitylab.native_fdtd1d_batch,128,1.0901552528878937e-12,float64,1.9949841127848455e-08,2.2541457579419228e-13,0.0,4.37140023247844e-13,-2.1172544745364643e-13,5.301145283085199e-27,8.169696376117871e-15,6.722969941843731e-14,-0.00517808622199406,-0.005178081383281053,PASS
EXP0005-13-39,7ca3e8e54b843291,cavity_1d_pec,0.1,1.0,100.0,2.45,0.26,0.7853981633974483,cavitylab.native_fdtd1d_batch,128,1.0901552528878937e-12,float64,1.9949841127848455e-08,2.139700094472359e-13,0.0,4.098914495239647e-13,-1.9592144007672909e-13,-3.0292258760486853e-28,4.815042302798913e-15,6.31708236445366e-14,-0.005178083772973861,-0.005178081383258337,PASS
EXP0005-13-40,c0ec000f13b135e4,cavity_1d_pec,0.1,1.0,100.0,2.5,0.26,0.7853981633974483,cavitylab.native_fdtd1d_batch,128,1.0901552528878937e-12,float64,1.9949841127848455e-08,1.9443563314106777e-13,0.0,3.886930527993609e-13,-1.9425741965829687e-13,-3.7108016981596395e-27,7.347047809097115e-15,5.970130440319126e-14,-0.005178086909319803,-0.005178081383237338,PASS
EXP0005-13-41,83b8a4f1088d95a9,cavity_1d_pec,0.1,1.0,100.0,2.5500000000000003,0.26,0.7853981633974483,cavitylab.native_fdtd1d_batch,128,1.0901552528878937e-12,float64,1.9949841127848455e-08,1.598787546594784e-13,0.0,3.749034271745973e-13,-2.150246725151192e-13,-3.0292258760486853e-28,3.7932302614498296e-15,5.845380780375549e-14,-0.005178087250921237,-0.005178081383212757,PASS
EXP0005-13-42,659f080758e41666,cavity_1d_pec,0.1,1.0,100.0,2.6,0.26,0.7853981633974483,cavitylab.native_fdtd1d_batch,128,1.0901552528878937e-12,float64,1.9949841127848455e-08,1.7422126912428336e-13,0.0,3.630448962150557e-13,-1.888236270907719e-13,4.543838814073028e-28,5.500229203202949e-15,5.698515865696532e-14,-0.005178076025620652,-0.005178081383191284,PASS
EXP0005-14-00,52c3557a4120f194,cavity_1d_pec,0.1,1.0,100.0,0.5,0.28,0.7853981633974483,cavitylab.native_fdtd1d_batch,128,1.0901552528878937e-12,float64,1.9949841127848455e-08,3.021761500407115e-14,0.0,2.557882362702633e-13,-2.255706212661907e-13,1.4451931783648936e-27,5.793428207479699e-15,1.0338838231824363e-15,-0.005208331468932849,-0.005208333333335786,PASS
EXP0005-14-01,6ccffd505e1ae00d,cavity_1d_pec,0.1,1.0,100.0,0.55,0.28,0.7853981633974483,cavitylab.native_fdtd1d_batch,128,1.0901552528878937e-12,float64,1.9949841127848455e-08,3.298742346226522e-14,0.0,2.5485957239603906e-13,-2.2187214893377345e-13,3.9127500898962186e-28,5.090945864339544e-15,1.2105686376533728e-15,-0.005208333184952349,-0.005208333333336371,PASS
EXP0005-14-02,d2a9b233b040fe6b,cavity_1d_pec,0.1,1.0,100.0,0.6,0.28,0.7853981633974483,cavitylab.native_fdtd1d_batch,128,1.0901552528878937e-12,float64,1.9949841127848455e-08,2.980179128832484e-14,0.0,2.5492946405463037e-13,-2.2512767276630608e-13,-5.490471900338242e-28,3.243720021303823e-15,1.4514909302889859e-15,-0.005208334034163824,-0.005208333333335477,PASS
EXP0005-14-03,150f768ddc3cf455,cavity_1d_pec,0.1,1.0,100.0,0.65,0.28,0.7853981633974483,cavitylab.native_fdtd1d_batch,128,1.0901552528878937e-12,float64,1.9949841127848455e-08,3.1281439172685565e-14,0.0,2.5398057619047736e-13,-2.2269913701779132e-13,4.733165431326071e-28,4.934574290906476e-15,1.652839894573875e-15,-0.005208332758148946,-0.0052083333333360115,PASS
EXP0005-14-04,1b70cb66b8b084ca,cavity_1d_pec,0.1,1.0,100.0,0.7,0.28,0.7853981633974483,cavitylab.native_fdtd1d_batch,128,1.0901552528878937e-12,float64,1.9949841127848455e-08,2.8942674410387726e-14,0.0,2.536653356216614e-13,-2.247226612112747e-13,-1.0160528459246632e-27,7.136694051714616e-15,1.9260341158126335e-15,-0.0052083331849534,-0.005208333333334568,PASS
EXP0005-14-05,5ba2353bb0bb8dae,cavity_1d_pec,0.1,1.0,100.0,0.75,0.28,0.7853981633974483,cavitylab.native_fdtd1d_batch,128,1.0901552528878937e-12,float64,1.9949841127848455e-08,2.916399577591347e-14,0.0,2.526869630965646e-13,-2.2352296732065138e-13,-2.398137151871876e-28,5.7572892731199846e-15,2.1455909714501686e-15,-0.005208331468952829,-0.005208333333333883,PASS
EXP0005-14-06,d27c24b855c83b6b,cavity_1d_pec,0.1,1.0,100.0,0.8,0.28,0.7853981633974483,cavitylab.native_fdtd1d_batch,128,1.0901552528878937e-12,float64,1.9949841127848455e-08,2.80345838643342e-14,0.0,2.5234364990664e-13,-2.2430906604230686e-13,-1.0444518385126196e-27,5.156246541752987e-15,2.451636382962028e-15,-0.00520833232988656,-0.0052083333333240184,PASS
EXP0005-14-07,532d8a3837a08206,cavity_1d_pec,0.1,1.0,100.0,0.8500000000000001,0.28,0.7853981633974483,cavitylab.native_fdtd1d_batch,128,1.0901552528878937e-12,float64,1.9949841127848455e-08,2.688754519424035e-14,0.0,2.511941183079753e-13,-2.2430657311373626e-13,-1.331597208013068e-27,4.6706694841073194e-15,2.6806913032986025e-15,-0.005208333184954641,-0.00520833333332894,PASS
EXP0005-14-08,caecd28b76b4d16c,cavity_1d_pec,0.1,1.0,100.0,0.9,0.28,0.7853981633974483,cavitylab.native_fdtd1d_batch,128,1.0901552528878937e-12,float64,1.9949841127848455e-08,2.663065338826494e-14,0.0,2.506115276647834e-13,-2.2398087427651834e-13,1.135959703518257e-28,5.277729682273241e-15,3.0115445653731028e-15,-0.005208334034153024,-0.0052083333333347685,PASS
EXP0005-14-09,5002937662b2b932,cavity_1d_pec,0.1,1.0,100.0,0.95,0.28,0.7853981633974483,cavitylab.native_fdtd1d_batch,128,1.0901552528878937e-12,float64,1.9949841127848455e-08,2.4297459530414417e-14,0.0,2.4932553166506034e-13,-2.2502807213464618e-13,-2.5559093329160782e-28,5.972617619499992e-15,3.2398619270309155e-15,-0.005208330166610433,-0.005208333333333305,PASS
EXP0005-14-10,5181c5941335b9a3,cavity_1d_pec,0.1,1.0,100.0,1.0,0.28,0.7853981633974483,cavitylab.native_fdtd1d_batch,128,1.0901552528878937e-12,float64,1.9949841127848455e-08,2.469035374629617e-14,0.0,2.4848379554251244e-13,-2.2379344179621496e-13,1.3095091026668796e-27,8.168126890246634e-15,3.587963019220512e-15,-0.00520833571492569,-0.005208333333330313,PASS
EXP0005-14-11,2417894065f7281d,cavity_1d_pec,0.1,1.0,100.0,1.05,0.28,0.7853981633974483,cavitylab.native_fdtd1d_batch,128,1.0901552528878937e-12,float64,1.9949841127848455e-08,2.1391789405795427e-14,0.0,2.470202147416591e-13,-2.2562842533586016e-13,3.530941411769249e-27,1.366371644357645e-14,3.8006613486940434e-15,-0.005208330166631665,-0.0052083333333352395,PASS
EXP0005-14-12,4c5687f2daf003fc,cavity_1d_pec,0.1,1.0,100.0,1.1,0.28,0.7853981633974483,cavitylab.native_fdtd1d_batch,128,1.0901552528878937e-12,float64,1.9949841127848455e-08,2.2011371027305986e-14,0.0,2.458743266035245e-13,-2.238629555762189e-13,-3.5656512915989734e-28,3.96654091861497e-15,4.154826615026259e-15,-0.005208333184957114,-0.0052083333333349515,PASS
EXP0005-14-13,25f29c51503f2355,cavity_1d_pec,0.1,1.0,100.0,1.15,0.28,0.7853981633974483,cavitylab.native_fdtd1d_batch,128,1.0901552528878937e-12,float64,1.9949841127848455e-08,1.8176008464138314e-14,0.0,2.4417928212627595e-13,-2.260032736621385e-13,-8.64591552122229e-28,8.133074204298832e-15,4.3314614946137186e-15,-0.005208337782797693,-0.005208333333333062,PASS
EXP0005-14-14,29473dbfbf7c71e9,cavity_1d_pec,0.1,1.0,100.0,1.2000000000000002,0.28,0.7853981633974483,cavitylab.native_fdtd1d_batch,128,1.0901552528878937e-12,float64,1.9949841127848455e-08,1.8260555353624726e-14,0.0,2.4266343359025906e-13,-2.2440287823663402e-13,3.0923347484663663e-28,4.792977995028765e-15,4.6744597612330865e-15,-0.005208328851158562,-0.005208333333327299,PASS
EXP0005-14-15,de380248d8968af3,cavity_1d_pec,0.1,1.0,100.0,1.25,0.28,0.7853981633974483,cavitylab.native_fdtd1d_batch,128,1.0901552528878937e-12,float64,1.9949841127848455e-08,1.4695785222257488e-14,0.0,2.406587385191915e-13,-2.259629532969361e-13,-2.076281902541703e-27,6.891889901484271e-15,4.786830972131204e-15,-0.005208329291140497,-0.005208333333328721,PASS
EXP0005-14-16,203cc8180e428be8,cavity_1d_pec,0.1,1.0,100.0,1.3,0.28,0.7853981633974483,cavitylab.native_fdtd1d_batch,128,1.0901552528878937e-12,float64,1.9949841127848455e-08,1.2893783754690625e-14,0.0,2.3867668390434504e-13,-2.2578290014965563e-13,-1.2148457940403582e-27,5.037578309569933e-15,5.089954201066673e-15,-0.005208338191905105,-0.005208333333326503,PASS
EXP0005-14-17,471325800fad1f5c,cavity_1d_pec,0.1,1.0,100.0,1.35,0.28,0.7853981633974483,cavitylab.native_fdtd1d_batch,128,1.0901552528878937e-12,float64,1.9949841127848455e-08,1.106496327475091e-14,0.0,2.362519517950835e-13,-2.251869885203354e-13,-2.797300769913708e-27,1.0543427575350802e-14,5.099789417598748e-15,-0.005208334034129109,-0.005208333333321492,PASS
EXP0005-14-18,42d0e0378a9e384a,cavity_1d_pec,0.1,1.0,100.0,1.4,0.28,0.7853981633974483,cavitylab.native_fdtd1d_batch,128,1.0901552528878937e-12,float64,1.9949841127848455e-08,5.0615471452951074e-15,0.0,2.336650824149895e-13,-2.286035352696926e-13,1.8238464128709793e-27,7.748267568747722e-15,5.310338487812302e-15,-0.005208339005764921,-0.005208333333327578,PASS
EXP0005-14-19,8926800b3c13eb5f,cavity_1d_pec,0.1,1.0,100.0,1.4500000000000002,0.28,0.7853981633974483,cavitylab.native_fdtd1d_batch,128,1.0901552528878937e-12,float64,1.9949841127848455e-08,7.403566209153195e-15,0.0,2.306520785079593e-13,-2.2324851229880625e-13,-1.4199496293978212e-28,4.73065578146622e-15,5.168061592267598e-15,-0.005208327966960506,-0.005208333333330193,PASS
EXP0005-14-20,e1b318beb4c50993,cavity_1d_pec,0.1,1.0,100.0,1.5,0.28,0.7853981633974483,cavitylab.native_fdtd1d_batch,128,1.0901552528878937e-12,float64,1.9949841127848455e-08,-6.231884027827743e-15,0.0,2.272746409295557e-13,-2.3350652495738424e-13,-7.99904957894106e-28,3.685567230864107e-15,5.1786793729437915e-15,-0.005208331469058948,-0.005208333333324617,PASS
EXP0005-14-21,2faa40d07c4f109f,cavity_1d_pec,0.1,1.0,100.0,1.55,0.28,0.7853981633974483,cavitylab.native_fdtd1d_batch,128,1.0901552528878937e-12,float64,1.9949841127848455e-08,3.0984642740321583e-15,0.0,2.2338909260875592e-13,-2.2029062833472184e-13,1.9196930128553322e-27,7.281188291526626e-15,4.826159982240268e-15,-0.0052083390056786956,-0.005208333333332127,PASS
EXP0005-14-22,41e0220d95e0b332,cavity_1d_pec,0.1,1.0,100.0,1.6,0.28,0.7853981633974483,cavitylab.native_fdtd1d_batch,128,1.0901552528878937e-12,float64,1.9949841127848455e-08,-2.0026666815829578e-14,0.0,2.1905632420778193e-13,-2.3908299102361203e-13,-5.238036410667518e-28,5.98080082379646e-15,4.40216781853861e-15,-0.005208332329951832,-0.005208333333337752,PASS
EXP0005-14-23,76c4aa34bebe5d8a,cavity_1d_pec,0.1,1.0,100.0,1.6500000000000001,0.28,0.7853981633974483,cavitylab.native_fdtd1d_batch,128,1.0901552528878937e-12,float64,1.9949841127848455e-08,-7.500901068467365e-15,0.0,2.1380111386777876e-13,-2.2130201493624805e-13,-1.926398330549711e-27,9.478694082720696e-15,3.75834941435639e-15,-0.005208337782584716,-0.0052083333333410205,PASS
EXP0005-14-24,f4b7dd37b7b64f8d,cavity_1d_pec,0.1,1.0,100.0,1.7000000000000002,0.28,0.7853981633974483,cavitylab.native_fdtd1d_batch,128,1.0901552528878937e-12,float64,1.9949841127848455e-08,-2.2567144477388787e-14,0.0,2.0878979718264174e-13,-2.31356941660032e-13,-1.467281283711082e-27,6.3390889423416535e-15,2.4449554440327684e-15,-0.005208333184965876,-0.005208333333337593,PASS
EXP0005-14-25,12002eea2ac9cdb6,cavity_1d_pec,0.1,1.0,100.0,1.75,0.28,0.7853981633974483,cavitylab.native_fdtd1d_batch,128,1.0901552528878937e-12,float64,1.9949841127848455e-08,-4.1685553459724333e-14,0.0,2.027199278295333e-13,-2.4440548128925723e-13,3.9758589623138995e-28,3.8783282177026394e-15,1.0004928406234605e-15,-0.005208327077017611,-0.005208333333342973,PASS
EXP0005-14-26,345c9a51cda38330,cavity_1d_pec,0.1,1.0,100.0,1.8,0.28,0.7853981633974483,cavitylab.native_fdtd1d_batch,128,1.0901552528878937e-12,float64,1.9949841127848455e-08,-1.766160740830132e-14,0.0,1.9961319670881452e-13,-2.1727480411711473e-13,1.1107161545511846e-27,4.214795012225458e-15,-1.5797133084890008e-15,-0.005208334034095964,-0.00520833333332881,PASS
EXP0005-14-27,f32dd4f722c22fd6,cavity_1d_pec,0.1,1.0,100.0,1.85,0.28,0.7853981633974483,cavitylab.native_fdtd1d_batch,128,1.0901552528878937e-12,float64,1.9949841127848455e-08,-5.263698078907028e-16,0.0,2.1607780564346807e-13,-2.166041754513601e-13,-1.3290334100710996e-27,3.694860098271336e-15,-6.968217324572315e-15,-0.005208325279368636,-0.005208333333336304,PASS
EXP0005-14-28,b9b37ce812ffd8cd,cavity_1d_pec,0.1,1.0,100.0,1.9000000000000001,0.28,0.7853981633974483,cavitylab.native_fdtd1d_batch,128,1.0901552528878937e-12,float64,1.9949841127848455e-08,1.0611605239132803e-10,0.0,1.997824091148045e-11,8.613781147984729e-11,-2.972680326362443e-25,5.2630380596423675e-15,-1.4818007108246406e-12,0.018370574658551665,0.018244511776460914,PASS
EXP0005-14-29,f2abf2bc46292809,cavity_1d_pec,0.1,1.0,100.0,1.9500000000000002,0.28,0.7853981633974483,cavitylab.native_fdtd1d_batch,128,1.0901552528878937e-12,float64,1.9949841127848455e-08,3.4170146247770678e-06,0.0,3.086271895108307e-07,3.108387435266227e-06,-9.740878893424454e-21,3.3464722992454535e-15,-3.295511402396506e-09,0.052993748663362567,0.05298114576032785,PASS
EXP0005-14-30,f22586a1ccfef6ed,cavity_1d_pec,0.1,1.0,100.0,2.0,0.28,0.7853981633974483,cavitylab.native_fdtd1d_batch,128,1.0901552528878937e-12,float64,1.9949841127848455e-08,0.0016862191827147043,0.0,0.00012224848292670406,0.001563970699788002,1.734723475976807e-18,1.0122634884869014e-15,6.304803335810362e-06,0.06532455170563023,0.06531622860765682,PASS
EXP0005-14-31,bf0e24957a03df44,cavity_1d_pec,0.1,1.0,100.0,2.05,0.28,0.7853981633974483,cavitylab.native_fdtd1d_batch,128,1.0901552528878937e-12,float64,1.9949841127848455e-08,0.00769909764690486,0.0,0.0005979461158876413,0.007101151531017206,-1.214306433183765e-17,1.6898637563138868e-15,5.834379306325979e-05,0.06768131738449348,0.0676824611603933,PASS
EXP0005-14-32,8c74fa5e0d56d138,cavity_1d_pec,0.1,1.0,100.0,2.1,0.28,0.7853981633974483,cavitylab.native_fdtd1d_batch,128,1.0901552528878937e-12,float64,1.9949841127848455e-08,0.0016368693653465596,0.0,0.00014429656069898014,0.001492572804647579,-4.336808689942018e-19,2.0673873543062977e-15,2.084543572134748e-05,0.06113169850195289,0.06115443999080932,PASS
EXP0005-14-33,d615d7b7fa4f32c3,cavity_1d_pec,0.1,1.0,100.0,2.1500000000000004,0.28,0.7853981633974483,cavitylab.native_fdtd1d_batch,128,1.0901552528878937e-12,float64,1.9949841127848455e-08,3.7692288579003005e-06,0.0,4.910326930920283e-07,3.278196164808274e-06,1.6940658945086007e-21,2.258518996558707e-15,9.485265934937488e-08,0.04213752438881513,0.042188986655693865,PASS
EXP0005-14-34,983425b2c947702b,cavity_1d_pec,0.1,1.0,100.0,2.2,0.28,0.7853981633974483,cavitylab.native_fdtd1d_batch,128,1.0901552528878937e-12,float64,1.9949841127848455e-08,2.8867356556486562e-12,0.0,3.1089490348562514e-12,-2.2221337920760342e-13,-8.077935669463161e-27,4.8064742592023214e-15,6.623346293291389e-13,-0.005208342201577302,-0.005208333333315852,PASS
EXP0005-14-35,a1d9d47031f6c24b,cavity_1d_pec,0.1,1.0,100.0,2.25,0.28,0.7853981633974483,cavitylab.native_fdtd1d_batch,128,1.0901552528878937e-12,float64,1.9949841127848455e-08,9.071090555103602e-13,0.0,9.489808904833706e-13,-4.187183497300382e-14,6.664296927307108e-27,5.6187030990039856e-15,1.8587971020178282e-13,-0.0052083377822305515,-0.0052083333333077285,PASS
EXP0005-14-36,9a5adbe6ab55c6f2,cavity_1d_pec,0.1,1.0,100.0,2.3,0.28,0.7853981633974483,cavitylab.native_fdtd1d_batch,128,1.0901552528878937e-12,float64,1.9949841127848455e-08,5.513458776892737e-13,0.0,6.597364194765425e-13,-1.0839054178727905e-13,-1.029936797856553e-26,9.860936891043606e-15,1.2261047265067114e-13,-0.005208327967524297,-0.005208333333300354,PASS
EXP0005-14-37,7f5e9431744c8b52,cavity_1d_pec,0.1,1.0,100.0,2.35,0.28,0.7853981633974483,cavitylab.native_fdtd1d_batch,128,1.0901552528878937e-12,float64,1.9949841127848455e-08,3.292672136571451e-13,0.0,5.445538512050237e-13,-2.1528663754788591e-13,-7.32062920045099e-27,8.922118980836496e-15,9.851230782652407e-14,-0.005208339005073789,-0.005208333333288676,PASS
EXP0005-14-38,76509e64c16f8425,cavity_1d_pec,0.1,1.0,100.0,2.4000000000000004,0.28,0.7853981633974483,cavitylab.native_fdtd1d_batch,128,1.0901552528878937e-12,float64,1.9949841127848455e-08,2.9071620508237936e-13,0.0,4.868646763260089e-13,-1.9614847124362724e-13,2.271919407036514e-27,4.300180091238835e-15,8.735823605185276e-14,-0.005208339005027766,-0.005208333333272949,PASS
EXP0005-14-39,c08092ec1398f66e,cavity_1d_pec,0.1,1.0,100.0,2.45,0.28,0.7853981633974483,cavitylab.native_fdtd1d_batch,128,1.0901552528878937e-12,float64,1.9949841127848455e-08,2.6479712142322145e-13,0.0,4.465649856232893e-13,-1.8176786420006474e-13,3.130200071916975e-27,6.890789306220173e-15,7.9476260274074e-14,-0.005208336130975439,-0.005208333333244278,PASS
EXP0005-14-40,ce694148968652b2,cavity_1d_pec,0.1,1.0,100.0,2.5,0.28,0.7853981633974483,cavitylab.native_fdtd1d_batch,128,1.0901552528878937e-12,float64,1.9949841127848455e-08,2.0107494500623087e-13,0.0,4.2178340849531633e-13,-2.207084634890887e-13,-3.2311742677852644e-27,8.907114874058644e-15,7.548376591735539e-14,-0.005208339812827621,-0.005208333333193793,PASS
EXP0005-14-41,5ba5901014cb8268,cavity_1d_pec,0.1,1.0,100.0,2.5500000000000003,0.28,0.7853981633974483,cavitylab.native_fdtd1d_batch,128,1.0901552528878937e-12,float64,1.9949841127848455e-08,2.1357251771931676e-13,0.0,4.0324395179955234e-13,-1.8967143408024336e-13,-7.775013081858292e-27,1.2651650833458156e-14,7.28082377549311e-14,-0.0052083402145061,-0.005208333332962545,PASS
EXP0005-14-42,02d9197620b3a9af,cavity_1d_pec,0.1,1.0,100.0,2.6,0.28,0.7853981633974483,cavitylab.native_fdtd1d_batch,128,1.0901552528878937e-12,float64,1.9949841127848455e-08,1.7226586572651135e-13,0.0,3.888651421781221e-13,-2.1659927645161253e-13,-1.792291976662139e-27,4.3290940061502945e-15,7.093109485915927e-14,-0.005208327077776548,-0.005208333333025667,PASS
EXP0005-15-00,79dac32347e27b0b,cavity_1d_pec,0.1,1.0,100.0,0.5,0.3,0.7853981633974483,cavitylab.native_fdtd1d_batch,128,1.0901552528878937e-12,float64,1.9949841127848455e-08,3.338531625551846e-14,0.0,2.6217142365648137e-13,-2.28786107400964e-13,-1.1044052673094165e-27,7.754028413017357e-15,1.1970017588027687e-15,-0.005241422023618391,-0.005241424183612182,PASS
EXP0005-15-01,8d03c92e42752dc3,cavity_1d_pec,0.1,1.0,100.0,0.55,0.3,0.7853981633974483,cavitylab.native_fdtd1d_batch,128,1.0901552528878937e-12,float64,1.9949841127848455e-08,3.541675963310783e-14,0.0,2.6098262360839314e-13,-2.2556586397528336e-13,1.943753270464573e-27,5.985992733789718e-15,1.4271252423929938e-15,-0.005241424010991942,-0.005241424183612437,PASS
EXP0005-15-02,621ad0e10e3b30a4,cavity_1d_pec,0.1,1.0,100.0,0.6,0.3,0.7853981633974483,cavitylab.native_fdtd1d_batch,128,1.0901552528878937e-12,float64,1.9949841127848455e-08,3.2967952574460414e-14,0.0,2.61209046817654e-13,-2.282410942431952e-13,-1.6282089083761684e-27,6.41641293363467e-15,1.684150197194788e-15,-0.005241424995252792,-0.0052414241836117636,PASS
EXP0005-15-03,afbb21f8eaec243d,cavity_1d_pec,0.1,1.0,100.0,0.65,0.3,0.7853981633974483,cavitylab.native_fdtd1d_batch,128,1.0901552528878937e-12,float64,1.9949841127848455e-08,3.3405279392295275e-14,0.0,2.6002242838593224e-13,-2.2661714899363757e-13,-5.99534287967969e-28,6.158462351564235e-15,1.9498955426526903e-15,-0.0052414235165071515,-0.005241424183612683,PASS
EXP0005-15-04,ccda69ea63d47787,cavity_1d_pec,0.1,1.0,100.0,0.7,0.3,0.7853981633974483,cavitylab.native_fdtd1d_batch,128,1.0901552528878937e-12,float64,1.9949841127848455e-08,3.213055052415796e-14,0.0,2.597631680195905e-13,-2.2763261749543253e-13,0.0,7.260271179622122e-15,2.2370111629509143e-15,-0.0052414240109931,-0.005241424183609287,PASS
EXP0005-15-05,555e2f9aa42d1dd6,cavity_1d_pec,0.1,1.0,100.0,0.75,0.3,0.7853981633974483,cavitylab.native_fdtd1d_batch,128,1.0901552528878937e-12,float64,1.9949841127848455e-08,3.083131842500544e-14,0.0,2.585845137870527e-13,-2.2775319536204626e-13,1.0160528459246632e-27,4.800078931631079e-15,2.5310390682738686e-15,-0.005241422023641283,-0.005241424183609344,PASS
EXP0005-15-06,f79da57c31f63fdd,cavity_1d_pec,0.1,1.0,100.0,0.8,0.3,0.7853981633974483,cavitylab.native_fdtd1d_batch,128,1.0901552528878937e-12,float64,1.9949841127848455e-08,3.133907688950772e-14,0.0,2.58310836891921e-13,-2.269717600024126e-13,6.626431603856499e-28,8.990536033243089e-15,2.84986401174513e-15,-0.005241423020459965,-0.005241424183607425,PASS
EXP0005-15-07,e9761e065807e8ae,cavity_1d_pec,0.1,1.0,100.0,0.8500000000000001,0.3,0.7853981633974483,cavitylab.native_fdtd1d_batch,128,1.0901552528878937e-12,float64,1.9949841127848455e-08,2.807148571137337e-14,0.0,2.569357594434037e-13,-2.2886427373202713e-13,3.199619831576424e-27,1.0370218177996503e-14,3.1611159599510468e-15,-0.005241424010994502,-0.005241424183609308,PASS
EXP0005-15-08,8cf986fa4486e632,cavity_1d_pec,0.1,1.0,100.0,0.9,0.3,0.7853981633974483,cavitylab.native_fdtd1d_batch,128,1.0901552528878937e-12,float64,1.9949841127848455e-08,3.0122460502065254e-14,0.0,2.563798639437755e-13,-2.2625740344170903e-13,1.205379463177706e-27,6.55991544241875e-15,3.501759704122145e-15,-0.005241424995240484,-0.005241424183605778,PASS
EXP0005-15-09,dc096b8d49707e0b,cavity_1d_pec,0.1,1.0,100.0,0.95,0.3,0.7853981633974483,cavitylab.native_fdtd1d_batch,128,1.0901552528878937e-12,float64,1.9949841127848455e-08,2.4872537552755496e-14,0.0,2.5486791953836514e-13,-2.2999538198561185e-13,-2.208810534618833e-27,7.278020421984113e-15,3.817839686546019e-15,-0.0052414205166951,-0.005241424183604618,PASS
EXP0005-15-10,a23e353c36d80c5a,cavity_1d_pec,0.1,1.0,100.0,1.0,0.3,0.7853981633974483,cavitylab.native_fdtd1d_batch,128,1.0901552528878937e-12,float64,1.9949841127848455e-08,2.848841063986703e-14,0.0,2.540124050014639e-13,-2.2552399436159756e-13,-7.131302583197947e-28,5.973880142416949e-15,4.172235704512266e-15,-0.005241426944849041,-0.005241424183611351,PASS
EXP0005-15-11,6306a0e32e5374b6,cavity_1d_pec,0.1,1.0,100.0,1.05,0.3,0.7853981633974483,cavitylab.native_fdtd1d_batch,128,1.0901552528878937e-12,float64,1.9949841127848455e-08,2.1217233830740325e-14,0.0,2.523204432455148e-13,-2.3110320941477543e-13,-9.813429660949387e-28,3.8674075355735404e-15,4.474158992655599e-15,-0.005241420516719515,-0.005241424183605352,PASS
EXP0005-15-12,b5faa3b6c5f0a78b,cavity_1d_pec,0.1,1.0,100.0,1.1,0.3,0.7853981633974483,cavitylab.native_fdtd1d_batch,128,1.0901552528878937e-12,float64,1.9949841127848455e-08,2.6263699921208664e-14,0.0,2.5111954890754986e-13,-2.248558489863397e-13,1.4956802762990384e-27,6.379156308158332e-15,4.8312810739448896e-15,-0.0052414240109973885,-0.005241424183608347,PASS
EXP0005-15-13,83ccb8a63c813af9,cavity_1d_pec,0.1,1.0,100.0,1.15,0.3,0.7853981633974483,cavitylab.native_fdtd1d_batch,128,1.0901552528878937e-12,float64,1.9949841127848455e-08,1.7104770797367543e-14,0.0,2.4919078623040486e-13,-2.3208601543303896e-13,-1.6471415701014726e-27,5.961845673151708e-15,5.091900507824417e-15,-0.005241429346397835,-0.005241424183606506,PASS
EXP0005-15-14,3ede45a29de151bd,cavity_1d_pec,0.1,1.0,100.0,1.2000000000000002,0.3,0.7853981633974483,cavitylab.native_fdtd1d_batch,128,1.0901552528878937e-12,float64,1.9949841127848455e-08,2.3117081741129562e-14,0.0,2.4757537882663813e-13,-2.2445829708550657e-13,1.997395812019602e-27,7.908597217995174e-15,5.436120067136024e-15,-0.005241418995711149,-0.005241424183603457,PASS
EXP0005-15-15,3fd14617e9ad612a,cavity_1d_pec,0.1,1.0,100.0,1.25,0.3,0.7853981633974483,cavitylab.native_fdtd1d_batch,128,1.0901552528878937e-12,float64,1.9949841127848455e-08,1.2626531660492764e-14,0.0,2.4533328759990443e-13,-2.3270675593941324e-13,-1.5729886450106975e-27,7.061700839737524e-15,5.616324443767238e-15,-0.005241419504312962,-0.00524142418359538,PASS
EXP0005-15-16,9c0c258de4a02d24,cavity_1d_pec,0.1,1.0,100.0,1.3,0.3,0.7853981633974483,cavitylab.native_fdtd1d_batch,128,1.0901552528878937e-12,float64,1.9949841127848455e-08,1.8406298867939555e-14,0.0,2.4320200355128373e-13,-2.2479570468334456e-13,-3.881195653687378e-28,6.11096694864211e-15,5.923129321475747e-15,-0.005241429821916875,-0.005241424183599834,PASS
EXP0005-15-17,e30520fe9a478e0e,cavity_1d_pec,0.1,1.0,100.0,1.35,0.3,0.7853981633974483,cavitylab.native_fdtd1d_batch,128,1.0901552528878937e-12,float64,1.9949841127848455e-08,8.093634037879199e-15,0.0,2.405441560574505e-13,-2.3245052201957135e-13,-3.3132158019282496e-29,5.5640568718158865e-15,5.967144061649089e-15,-0.005241424995213069,-0.005241424183602997,PASS
EXP0005-15-18,94d6c4e17fbd462a,cavity_1d_pec,0.1,1.0,100.0,1.4,0.3,0.7853981633974483,cavitylab.native_fdtd1d_batch,128,1.0901552528878937e-12,float64,1.9949841127848455e-08,1.0891800595970703e-14,0.0,2.377503971841625e-13,-2.2685859658819262e-13,-8.330371159133885e-28,4.530210777197523e-15,6.191327891002208e-15,-0.005241430768292551,-0.00524142418359671,PASS
EXP0005-15-19,4ba5a7a1c271b07d,cavity_1d_pec,0.1,1.0,100.0,1.4500000000000002,0.3,0.7853981633974483,cavitylab.native_fdtd1d_batch,128,1.0901552528878937e-12,float64,1.9949841127848455e-08,4.203313558373537e-15,0.0,2.345313491401523e-13,-2.303280355817778e-13,9.426887817391091e-28,8.369586617914604e-15,6.023802786476956e-15,-0.0052414179739834615,-0.005241424183606777,PASS
EXP0005-15-20,0265fe4625a529a8,cavity_1d_pec,0.1,1.0,100.0,1.5,0.3,0.7853981633974483,cavitylab.native_fdtd1d_batch,128,1.0901552528878937e-12,float64,1.9949841127848455e-08,-1.505305276161579e-15,0.0,2.3087839807804257e-13,-2.32383703354202e-13,2.1348548247543632e-27,7.079409867217469e-15,6.063984599754835e-15,-0.0052414220237628675,-0.005241424183610489,PASS
EXP0005-15-21,d55448ee207a5dd5,cavity_1d_pec,0.1,1.0,100.0,1.55,0.3,0.7853981633974483,cavitylab.native_fdtd1d_batch,128,1.0901552528878937e-12,float64,1.9949841127848455e-08,1.585607854073854e-15,0.0,2.2685736683279446e-13,-2.2527175897872163e-13,-1.0253219615610101e-27,4.939052830446556e-15,5.599683540608151e-15,-0.0052414307681936945,-0.005241424183592056,PASS
EXP0005-15-22,06c9b0425251385d,cavity_1d_pec,0.1,1.0,100.0,1.6,0.3,0.7853981633974483,cavitylab.native_fdtd1d_batch,128,1.0901552528878937e-12,float64,1.9949841127848455e-08,-1.9621598845484308e-14,0.0,2.2219356321397907e-13,-2.4181516205946403e-13,-6.531768295229978e-28,3.915771162321206e-15,5.194221644258418e-15,-0.005241423020534765,-0.005241424183613152,PASS
EXP0005-15-23,1631d828d47956c9,cavity_1d_pec,0.1,1.0,100.0,1.6500000000000001,0.3,0.7853981633974483,cavitylab.native_fdtd1d_batch,128,1.0901552528878937e-12,float64,1.9949841127848455e-08,-5.042992646356138e-15,0.0,2.1688607570279366e-13,-2.2192906834914654e-13,3.257206677657558e-27,1.0072792545362716e-14,4.362465523581925e-15,-0.005241429346153553,-0.005241424183631196,PASS
EXP0005-15-24,cb27830155a7a392,cavity_1d_pec,0.1,1.0,100.0,1.7000000000000002,0.3,0.7853981633974483,cavitylab.native_fdtd1d_batch,128,1.0901552528878937e-12,float64,1.9949841127848455e-08,-2.5824683465224872e-14,0.0,2.11744474635708e-13,-2.3756915810093303e-13,-1.609276246650864e-28,4.3015442408542576e-15,2.9115881096003978e-15,-0.005241424011007381,-0.005241424183619783,PASS
EXP0005-15-25,60bc0dd1548cc2c9,cavity_1d_pec,0.1,1.0,100.0,1.75,0.3,0.7853981633974483,cavitylab.native_fdtd1d_batch,128,1.0901552528878937e-12,float64,1.9949841127848455e-08,-4.211320241446953e-14,0.0,2.0587207507733394e-13,-2.479852774918049e-13,-1.4262605166395893e-27,4.394444500015373e-15,1.2182507035677555e-15,-0.005241416946110197,-0.0052414241836133855,PASS
EXP0005-15-26,b05d0cb501c4b6be,cavity_1d_pec,0.1,1.0,100.0,1.8,0.3,0.7853981633974483,cavitylab.native_fdtd1d_batch,128,1.0901552528878937e-12,float64,1.9949841127848455e-08,-2.0311514365780135e-14,0.0,2.0420979791084465e-13,-2.2452131227662262e-13,2.1614788803055723e-27,6.932203559565426e-15,-1.7704902835810546e-15,-0.005241424995175015,-0.005241424183607999,PASS
EXP0005-15-27,043aa4bdf09b03d1,cavity_1d_pec,0.1,1.0,100.0,1.85,0.3,0.7853981633974483,cavitylab.native_fdtd1d_batch,128,1.0901552528878937e-12,float64,1.9949841127848455e-08,-1.2788078828738266e-14,0.0,2.3156649376407786e-13,-2.443545725928158e-13,3.34477023813709e-28,3.389670621807199e-15,-8.552055227059811e-15,-0.005241414871320928,-0.005241424183604052,PASS
EXP0005-15-28,c32dbc8f4f756b43,cavity_1d_pec,0.1,1.0,100.0,1.9000000000000001,0.3,0.7853981633974483,cavitylab.native_fdtd1d_batch,128,1.0901552528878937e-12,float64,1.9949841127848455e-08,7.318462149217919e-10,0.0,1.0209931002007212e-10,6.297469049017218e-10,1.9645539548134407e-24,3.334360861050214e-15,-7.005190890712464e-12,0.026430461704117468,0.0263327535023819,PASS
EXP0005-15-29,440a303a096d3b99,cavity_1d_pec,0.1,1.0,100.0,1.9500000000000002,0.3,0.7853981633974483,cavitylab.native_fdtd1d_batch,128,1.0901552528878937e-12,float64,1.9949841127848455e-08,2.4062535286078793e-05,0.0,2.0228471401799147e-06,2.203968814589893e-05,5.082197683525802e-20,2.675300138824949e-15,-9.096217763079049e-09,0.05788520859232118,0.057872876203135755,PASS
EXP0005-15-30,0185155918f8ffb9,cavity_1d_pec,0.1,1.0,100.0,2.0,0.3,0.7853981633974483,cavitylab.native_fdtd1d_batch,128,1.0901552528878937e-12,float64,1.9949841127848455e-08,0.011369093169738945,0.0,0.0007711486985588584,0.010597944471180086,-1.734723475976807e-18,1.200407854807528e-15,4.583470612043103e-05,0.07041077825399357,0.07040180424225909,PASS
EXP0005-15-31,ab8a014b75894677,cavity_1d_pec,0.1,1.0,100.0,2.05,0.3,0.7853981633974483,cavitylab.native_fdtd1d_batch,128,1.0901552528878937e-12,float64,1.9949841127848455e-08,0.06600706613780169,0.0,0.00478836607371273,0.06121870006408894,-1.3877787807814457e-17,2.1024700262911346e-15,0.0005001449449402728,0.0735749945627912,0.07357675118451447,PASS
EXP0005-15-32,f671d8f359d30fa4,cavity_1d_pec,0.1,1.0,100.0,2.1,0.3,0.7853981633974483,cavitylab.native_fdtd1d_batch,128,1.0901552528878937e-12,float64,1.9949841127848455e-08,0.023663591234058964,0.0,0.0018902889974831002,0.02177330223657587,6.938893903907228e-18,1.110153843806514e-15,0.0002894071439013199,0.06859526421000443,0.06861360629258109,PASS
EXP0005-15-33,d781c3d4f3fe7108,cavity_1d_pec,0.1,1.0,100.0,2.1500000000000004,0.3,0.7853981633974483,cavitylab.native_fdtd1d_batch,128,1.0901552528878937e-12,float64,1.9949841127848455e-08,0.00017545981740267364,0.0,1.8623673499631114e-05,0.00015683614390304322,7.047314121155779e-19,4.01760965736636e-15,3.7540958419266988e-06,0.05344426411913645,0.05348347628780674,PASS
EXP0005-15-34,b02f7cb67068ca33,cavity_1d_pec,0.1,1.0,100.0,2.2,0.3,0.7853981633974483,cavitylab.native_fdtd1d_batch,128,1.0901552528878937e-12,float64,1.9949841127848455e-08,3.999865624287285e-10,0.0,1.5333126594675076e-10,2.466552964819765e-10,-1.2407709188295415e-24,4.893422274182071e-15,3.675111134985974e-11,0.008317615693608739,0.00870084169471595,PASS
EXP0005-15-35,a43a704a971ea372,cavity_1d_pec,0.1,1.0,100.0,2.25,0.3,0.7853981633974483,cavitylab.native_fdtd1d_batch,128,1.0901552528878937e-12,float64,1.9949841127848455e-08,1.1463914681688418e-12,0.0,1.3426060111267933e-12,-1.962145429579473e-13,4.2409162264681595e-27,4.0308598319197595e-15,3.031492784723709e-13,-0.005241429345747188,-0.005241424183461531,PASS
EXP0005-15-36,8ab4ea430f2e5381,cavity_1d_pec,0.1,1.0,100.0,2.3,0.3,0.7853981633974483,cavitylab.native_fdtd1d_batch,128,1.0901552528878937e-12,float64,1.9949841127848455e-08,5.826665062132029e-13,0.0,8.022267393404739e-13,-2.1956023312726891e-13,2.1204581132340797e-27,3.7791047445536595e-15,1.7220462400112595e-13,-0.005241417974629762,-0.005241424183398535,PASS
EXP0005-15-37,c1b4e527cebf9c5c,cavity_1d_pec,0.1,1.0,100.0,2.35,0.3,0.7853981633974483,cavitylab.native_fdtd1d_batch,128,1.0901552528878937e-12,float64,1.9949841127848455e-08,4.4996234796798804e-13,0.0,6.313978530686177e-13,-1.8143550510063442e-13,-4.745787205809607e-27,8.280897477156748e-15,1.320064671415329e-13,-0.0052414307674994625,-0.005241424183345481,PASS
EXP0005-15-38,3890133c273ef362,cavity_1d_pec,0.1,1.0,100.0,2.4000000000000004,0.3,0.7853981633974483,cavitylab.native_fdtd1d_batch,128,1.0901552528878937e-12,float64,1.9949841127848455e-08,4.0095862234079447e-13,0.0,5.441921455124079e-13,-1.4323352317161066e-13,2.7767903863779616e-27,5.382752231498998e-15,1.1161313892486516e-13,-0.005241430767446627,-0.005241424183320857,PASS
EXP0005-15-39,36f0787ceb382418,cavity_1d_pec,0.1,1.0,100.0,2.45,0.3,0.7853981633974483,cavitylab.native_fdtd1d_batch,128,1.0901552528878937e-12,float64,1.9949841127848455e-08,2.634619690069225e-13,0.0,4.929563808978683e-13,-2.2949441189094414e-13,1.7165613297609217e-27,5.819608141411306e-15,1.008269081237658e-13,-0.005241427427776027,-0.005241424183335978,PASS
EXP0005-15-40,8a87fbe786f1a312,cavity_1d_pec,0.1,1.0,100.0,2.5,0.3,0.7853981633974483,cavitylab.native_fdtd1d_batch,128,1.0901552528878937e-12,float64,1.9949841127848455e-08,2.8122124286273414e-13,0.0,4.614393586239904e-13,-1.802181157612581e-13,-1.8175355256292112e-27,4.672454075860797e-15,9.492288897847184e-14,-0.005241431707315138,-0.005241424183379859,PASS
EXP0005-15-41,f3a2ee06bb149782,cavity_1d_pec,0.1,1.0,100.0,2.5500000000000003,0.3,0.7853981633974483,cavitylab.native_fdtd1d_batch,128,1.0901552528878937e-12,float64,1.9949841127848455e-08,2.258540944951961e-13,0.0,4.354727235934883e-13,-2.096186290982861e-13,6.083695301064443e-27,9.860522542723636e-15,8.998926491197221e-14,-0.00524143217486779,-0.005241424183421565,PASS
EXP0005-15-42,8d2c681f92d47353,cavity_1d_pec,0.1,1.0,100.0,2.6,0.3,0.7853981633974483,cavitylab.native_fdtd1d_batch,128,1.0901552528878937e-12,float64,1.9949841127848455e-08,2.1110202038924164e-13,0.0,4.1945438289786167e-13,-2.0835236250861766e-13,2.3728936029048035e-27,4.522779807268055e-15,8.811793574617377e-14,-0.005241416946980138,-0.005241424183436025,PASS
